chr	start	end	actual_start	actual_end	signal	kappa	tau	W	P_KS	P_KS_k1	P_KS_k2	P_KS_k3	P_KS_k4	P_KS_k5	burden_MAF<0.01&MAC>25&Beta	dispersion_MAF<0.01&MAC>25&Beta	singleCauchy
1	748573	758573	750230	755435	0	1	0.256928884802869	0	0.724417623911478	0.538101279677727	0.973250325027199	0.972283486523826	0.97145097980956	0.986391150405926	0.733320360364591	0.61136452455131	0.789804906357251
1	751073	756073	754433	755435	0	0	0.144192103517799	0.144192103517799	0.687166720088422	0.775440887691321	0.957754545231476	0.972738103751418	0.957046057023279	0.977904538325878	0.415798106768822	0.563707581853807	0.856631263272552
1	753573	763573	754433	759600	0	0	0.227600292109081	0.227600292109081	0.575129901501534	0.972049643107618	0.970100711343287	0.971437621355598	0.967901787045413	0.971328741483882	0.745597818717205	0.262812339790241	0.688205167177592
1	768573	778573	775426	776556	0	3	0.845132677121374	0	0.943560792798335	0.969521521344134	0.975953403013061	0.13854900164238	0.970379875547257	0.96992036430057	0.62508546239536	0.736059753512892	0.979374691238398
1	773573	783573	775426	781367	0	3	0.0807918245562413	0	0.94288869660016	0.97000313840076	0.976303678432619	0.805371003302794	0.972290900350642	0.970035914215032	0.903843049459344	0.889545465025109	0.969964964526594
1	778573	788573	781367	783711	0	0	0.122203368051705	0.122203368051705	0.733699553457608	0.972123905073911	0.973939706151442	0.976031552679831	0.97124539015321	0.969483100418626	0.550834646289158	0.849143560733522	0.671263852039237
1	788573	798573	794283	795319	0	0	1.06434351623451	1.06434351623451	0.0801689038684763	0.68347953678099	0.899581728897991	0.975072936480115	0.929714194969005	0.975228498350635	0.122273782328767	0.12108221017911	0.0472736258957349
1	793573	803573	794283	801848	0	0	0.778987955498627	0.778987955498627	0.113800031919893	0.533102473319616	0.684116931937266	0.975318642562452	0.618993943574302	0.879109422442746	0.120965952053738	0.221218452128537	0.0722815673963449
1	803573	813573	811215	813554	0	4	1.71012611771316	0	0.886247752604637	0.917489877909278	0.937191685311567	0.903989766827794	0.0176212777457063	0.76257758637364	0.858012303475619	0.9249241429441	0.837249145247441
1	808573	818573	811215	817145	0	4	1.53005684487252	0	0.682961338894654	0.728386072214126	0.952334451003974	0.335552494707603	0.020152980048679	0.128489711747363	0.520110790011803	0.785350092081758	0.6787117245597
1	811073	816073	811215	815338	0	4	2.05073354041959	0	0.777294720569095	0.969435019149602	0.971385848348801	0.873150786929893	0.00835109223779229	0.938591940973075	0.743652298075493	0.824700041321272	0.745965377624591
1	813573	818573	815338	817145	0	3	0.742721823635885	0	0.332038802301847	0.289521281361363	0.811372614814525	0.0523550608351772	0.271276985356336	0.12497606015836	0.287100884100994	0.369778222138138	0.346259029974436
1	813573	823573	815338	819467	0	3	0.737512027783156	0	0.451376969097129	0.489908882404466	0.969810278124426	0.0832563167608988	0.454913915372368	0.225282791550962	0.658545223931784	0.386035241036735	0.320704115179359
1	816073	821073	817145	819467	0	5	0.300116471686448	0	0.878995608819342	0.32591893018976	0.343139810131166	0.474287006835218	0.358603010527333	0.179679056952443	0.962813707479814	0.382834532137487	0.321644159191322
1	818573	828573	819467	825125	0	0	0.761722630150242	0.761722630150242	0.104080988491679	0.395526052774007	0.261663128834908	0.763738583180971	0.601303924526994	0.972723731580768	0.931388192503763	0.0358776638221867	0.0684512910697094
1	821073	826073	824876	825125	0	0	0.9451468886057	0.9451468886057	0.0533725489769192	0.291548063677913	0.303734931849675	0.555278971971944	0.470397313786604	0.939742641328486	0.387488190150959	0.0290939028187862	0.0490014574296065
1	823573	833573	824876	830791	0	0	0.294702223160492	0.294702223160492	0.406425721440279	0.476226952159022	0.80109386993218	0.807098449011748	0.416904723675092	0.935444781576042	0.875842904937087	0.226192914250657	0.136973372441554
1	826073	831073	829171	830791	0	4	0.663289132441256	0	0.717152529794529	0.969658730989977	0.980840723370004	0.877041333220892	0.210537654248793	0.971993141582925	0.518980712988224	0.831720271519371	0.68686265902939
1	828573	838573	829171	835207	0	3	10.6436448918686	0	0.462340557253807	0.918680420958151	0.82850600449201	1.25062182831925e-11	0.366577917224175	0.550517205210468	0.278766652349336	0.733726070826051	0.371967782292571
1	829073	830073	829171	829743	0	4	0.192958648511434	0	0.625093159895094	0.708459117215475	0.897398196912377	0.511845513400562	0.454314026174205	0.972334965684495	0.465093175977167	0.709943111589684	0.666912605749926
1	831073	836073	834137	835207	0	3	20.9300318225117	0	0.285670998067084	0.905511076590853	0.665551745604031	6.1737017242684e-22	0.525505741922603	0.218453793018972	0.337233585411783	0.402621839887777	0.185599576893799
1	833573	834573	834137	834204	0	3	1.64338019894678	0	0.140027221408531	0.975572592340736	0.969432664927822	0.0220255818484625	0.96896388162095	0.654257365584992	0.118138056424831	0.221233175333634	0.116666881928014
1	833573	843573	834137	843340	0	3	14.4616631588755	0	0.270190109570835	0.927181470840411	0.72471344688317	1.99840144432528e-15	0.578556655334206	0.419637855476747	0.472128389338247	0.307866805568889	0.156705473073553
1	838573	843573	843182	843340	0	0	0.13849071975266	0.13849071975266	0.705357556376536	0.970286620818118	0.969957262977981	0.970582494707293	0.968924898618818	0.970529003124825	0.945808747222934	0.224805853426566	0.126284179837067
1	838573	848573	843182	848527	0	5	2.56038357859572	0	0.421834547116267	0.314366826941504	0.12947934811419	0.726148463406507	0.670839849702381	0.00116080311756839	0.80083290490069	0.246162590537772	0.233215091982171
1	843573	848573	848358	848527	0	5	5.90486643215127	0	0.519210013988394	0.16265763860951	0.00762502899490281	0.649775562247297	0.569745102499026	6.46363208289813e-07	0.760459350075393	0.322057561560845	0.418699176822948
1	843573	853573	848358	853478	0	5	3.29626927278001	0	0.4835829429993	0.246021234731245	0.117621232420021	0.572799918614344	0.769775391191202	0.000244456562884188	0.396549609781922	0.544118874242208	0.513546786085635
1	846073	851073	848358	850487	0	5	3.67237784008893	0	0.629098219234523	0.229694575598842	0.0638545388643044	0.45805065467735	0.697403681142502	9.73947771267802e-05	0.71136751448671	0.583178552830972	0.574411992045819
1	848573	853573	850487	853478	0	3	0.15967349578772	0	0.550886220239169	0.671275656721538	0.864887001603378	0.464758565257828	0.972919343646141	0.533902717049716	0.3975069082604	0.598345887708483	0.647108607430969
1	848573	858573	850487	854838	0	3	0.25258052490178	0	0.634803419455563	0.92890417125355	0.97042156951002	0.519266598993998	0.970824204888352	0.743593430123535	0.715707073861632	0.616568769595699	0.551744153008624
1	851073	856073	853478	854838	0	0	0.292876395948758	0.292876395948758	0.49465031508923	0.975877600953076	0.970296296633902	0.97246571683719	0.968885824632235	0.9709004133983	0.760054285307521	0.354008764060955	0.322898776173002
1	853573	863573	854838	858867	0	0	0.576350755159347	0.576350755159347	0.257106121337788	0.969817103857115	0.969498472389289	0.963352282625609	0.969311068331551	0.966368784794492	0.165294418290618	0.352004935015867	0.323819249311608
1	858573	868573	858867	868337	0	2	1.28898107418415	0	0.350557704004395	0.94735707677895	0.0431410774526462	0.916044221976247	0.83921272728361	0.225384102388539	0.151201695069387	0.62232101989662	0.505754278403207
1	861073	866073	865628	865738	0	2	1.71223832032065	0	0.419133288421191	0.949435581963137	0.0148376712610587	0.90528182050895	0.764898950567053	0.157858393365602	0.300359959978315	0.528637793950958	0.454358471734887
1	863573	868573	865628	868337	0	2	1.53369424870564	0	0.515947114030284	0.933308120198466	0.0221020395408238	0.898287833099738	0.755312375043488	0.220171772419984	0.292491475552238	0.682496724383703	0.583337996429176
1	863573	873573	865628	871748	0	2	1.06861521886502	0	0.810231586638914	0.974612585523099	0.0793674387491571	0.968826625260524	0.929517529388179	0.368880789322944	0.400705894092165	0.919180809206767	0.731531815451063
1	866073	871073	868337	870873	0	1	0.000945544443401296	0	0.977488688265657	0.970061443199385	0.971265926216088	0.972121976256114	0.972175758421948	0.972580428427174	0.962972564757058	1	0.850544977173599
1	868573	873573	870873	871748	0	1	0.00138543193819522	0	0.974239450482645	0.968335457876061	0.969462461376665	0.98493000134339	0.969775718532629	0.971429452956574	0.907516585734939	1	0.840337623433467
1	868573	878573	870873	877981	0	2	0.00190060477718309	0	0.973403418130658	0.972584033720051	0.966690482532319	0.967090403223995	0.970930284743254	0.970210696073422	0.888038093109544	1	0.78832999963757
1	873573	883573	877981	881070	0	0	0.55212228203999	0.55212228203999	0.272829893998259	0.973672650472322	0.520952986621168	0.347431658402382	0.976739723654	0.972779111283954	0.127216632410508	0.457613850415479	0.469402615842579
1	878573	883573	880483	881070	0	0	0.52921868709943	0.52921868709943	0.287196022084704	0.971397781650866	0.53613779805132	0.930210935918248	0.973330394438555	0.973489069733621	0.157397608371474	0.399476632244694	0.440796786427026
1	878573	888573	880483	888205	0	3	0.73186005312033	0	0.524731106679724	0.821981750261486	0.971061037032129	0.160625695520266	0.918680413814311	0.866313484327776	0.761093823508741	0.392609543797404	0.355510414809944
1	880573	881573	880751	881070	0	0	0.60427027340626	0.60427027340626	0.24076138292131	0.966372975930062	0.972025211702552	0.921089058344875	0.970885020270345	0.967959312963408	0.162219010075626	0.335122997438964	0.281342706439506
1	881073	886073	883666	884453	0	0	0.780069545012214	0.780069545012214	0.117434107300604	0.438351504761495	0.951639394978262	0.123111222545861	0.707723791939405	0.785066626525143	0.0705996442746974	0.16920809012701	0.175661605250286
1	883573	888573	883666	888205	0	3	0.401461128252744	0	0.297347500857192	0.680720755238661	0.886601816894669	0.27008960158816	0.62941567926594	0.870872815661174	0.259746576155275	0.336350406750817	0.302900001575084
1	883573	893573	883666	893194	0	3	0.450637384640931	0	0.446660809210513	0.60512813029311	0.838306747251311	0.214392682181036	0.270534232476387	0.879888005030617	0.565408514996228	0.469834978841294	0.323144765295139
1	886073	891073	887269	889876	0	2	0.914131008103349	0	0.577286768948324	0.675903915057996	0.0917801559305953	0.972698233840549	0.753147084621731	0.896764805887617	0.475950363445817	0.693176252607531	0.539421169518172
1	888573	893573	889876	893194	0	4	0.528463059990436	0	0.575467866618632	0.541437679028193	0.500884633881982	0.430618590242085	0.160356074178275	0.97500312094579	0.77827803740329	0.50881311784748	0.35283500543328
1	888573	898573	889876	897009	0	4	0.695528328321623	0	0.672740872840784	0.193570411899826	0.492373230508302	0.578567222003918	0.116634087854811	0.848764549935114	0.813512121790554	0.58451212946081	0.509661668385757
1	891073	896073	892237	893981	0	4	0.864609153220607	0	0.364622203151408	0.101581359262957	0.743201119405105	0.394480448853542	0.0538786034882121	0.580418707819811	0.393102242311801	0.394777993096897	0.312840204358315
1	893073	894073	893194	893981	0	4	1.05940579808671	0	0.199622945671652	0.0799853066115364	0.263825830090034	0.314407632684514	0.0230097296056739	0.380987239204437	0.123050533521596	0.297365748403555	0.259247209859975
1	893573	898573	893981	897009	0	1	0.65440910434241	0	0.535866173045635	0.0498895588541184	0.225122430065405	0.629727501706461	0.142741599223229	0.224530918605753	0.372019544108462	0.48132185927282	0.719274788065635
1	898573	908573	904732	907740	0	0	0.318496079837192	0.318496079837192	0.449900845755528	0.936726678640255	0.972456606309724	0.676384559364239	0.702521735417235	0.971907905593587	0.078354206039691	0.380626125766525	0.920056313340146
1	901073	906073	904732	905894	0	4	0.244675250859985	0	0.737653853256987	0.793852721352533	0.972387615594475	0.609203129265641	0.451923252158902	0.970546565784574	0.513912793472199	0.834667725288631	0.74730095011108
1	903573	913573	904732	911181	0	3	2.17507849269241	0	0.309491924445459	0.609081923033451	0.660576140843547	0.00407002631842746	0.194776476886709	0.643127081124209	0.0608331333422076	0.51590136161928	0.89985274095921
1	905073	906073	905871	905894	0	5	0.651981620120554	0	0.748284112308883	0.975523006145486	0.974656780779837	0.745487728669814	0.285688490253549	0.16675731897755	0.670554098833672	0.756350291100059	0.795170434108753
1	905573	906573	905871	906429	0	0	0.742631885925668	0.742631885925668	0.160534340053848	0.973013668472374	0.972815849732866	0.328759679730444	0.577236568211802	0.88756431516982	0.0802410580138378	0.26461944986931	0.318625070525696
1	906073	907073	906302	906429	0	0	1.1942912296572	1.1942912296572	0.0558340431701607	0.970866066332633	0.8733539879343	0.193937853019484	0.797108264988448	0.972193830181399	0.0309478948225076	0.0768793276123434	0.116272944548796
1	906073	911073	906302	909053	0	0	0.450343699008647	0.450343699008647	0.309383994821386	0.961413260447318	0.931960258448355	0.489980398150506	0.866176730776372	0.872652911218233	0.0599277303794925	0.137653253894648	0.94137204612175
1	908573	913573	909053	911181	0	3	4.08383131032769	0	0.670672191312627	0.00708243924664154	0.0257561729266034	2.12348903094739e-06	0.00169018703779056	0.10702433419375	0.507737685352385	0.773518764259322	0.671685226730292
1	908573	918573	909053	917887	0	3	12.0626738330428	0	0.67038441453838	6.72528790435223e-08	0.0113542613641372	9.54791801177635e-15	3.149902561006e-11	0.0110301778260659	0.749680043517863	0.399858281518547	0.766080651415098
1	911073	916073	911181	915669	0	3	3.59453637914539	0	0.551080371039668	0.000227725822912306	0.00303822353284089	7.72828882111831e-07	1.45483837187266e-05	0.00416025058428526	0.36107666250867	0.277700615014817	0.837948798383731
1	913573	918573	914521	917887	0	3	7.91724392588643	0	0.851037755908469	4.25915278157163e-07	0.606866389710358	4.75247174946958e-10	1.0589091825608e-09	0.039279275601403	0.946789950633783	0.212738017485444	0.788390988283925
1	913573	923573	914521	923411	0	3	3.98866891088925	0	0.556259475933391	0.0017815187580843	0.833318196012132	2.42312770930564e-05	9.34628049453767e-05	0.236072399768959	0.814845299240192	0.293583365915673	0.42891287931994
1	914073	915073	914521	914727	0	4	1.78779639119697	0	0.600600436945418	0.0097800952364322	0.0225737854373973	0.0329649829666612	0.000367966262485031	0.00394835164435925	0.459571851709933	0.681862460266726	0.638771287977342
1	915073	916073	915614	915669	0	0	0.437268336842243	0.437268336842243	0.196317053973657	0.197595802458769	0.439146290311581	0.537311783612434	0.975083448366896	0.605058109895083	0.0942316932184503	0.0642786824342272	0.920726485206445
1	916073	921073	917222	920513	0	3	5.65214596360936	0	0.750006159464578	0.00136742482432406	0.950794090938125	1.50571530710408e-06	9.07920444186416e-05	0.675909933467734	0.826817583913941	0.793875572529376	0.507965515292521
1	917073	918073	917222	917887	0	3	12.1521054036509	0	0.307921627013897	6.97691344142548e-07	0.987162263426531	2.16937579011756e-13	2.56430432443722e-10	0.931768237689278	0.214793799150502	0.42282029653799	0.335005898567248
1	918573	923573	920098	923411	0	3	0.420242691673645	0	0.305125045587869	0.517794595256992	0.862841340410189	0.196750036355692	0.746268968614113	0.319857540376272	0.707061014342153	0.382700080947895	0.121935388474856
1	919573	920573	920098	920513	0	3	0.649569333005759	0	0.74394183054348	0.363166442869048	0.820871425014399	0.129463720444269	0.577720018309472	0.195425807935101	0.558444385917116	0.857458585424483	0.676758241487665
1	921073	926073	922011	923411	0	0	0.283229096742821	0.283229096742821	0.505733233600005	0.97084654723925	0.972332665906635	0.970101845938547	0.972281212532666	0.970779298630507	0.957472827073194	0.161207412828537	0.0564112416765501
1	923573	933573	928613	933315	0	2	0.214084032223318	0	0.977166978271812	0.6572175046957	0.559728388269391	0.567944342001023	0.960504153620968	0.916349962065451	0.771285092053516	0.998850426862739	0.963927991179371
1	926073	931073	928613	931057	0	2	0.180967333900677	0	0.975019574484416	0.87105840466224	0.641969170932025	0.973826316124052	0.923502665128186	0.975008582230783	0.72804018779993	0.99401744092654	0.942313197731616
1	928073	929073	928613	928980	0	4	1.02397001534778	0	0.986520442199232	0.911167889560529	0.25694840953699	0.942568316691373	0.0891954748783472	0.971754998358281	0.997927907936637	0.999326713311924	0.9558254966188
1	928573	938573	928613	933744	0	2	0.182541485213649	0	0.898852459315826	0.957772696065472	0.61150161687695	0.702993004028037	0.970142746102783	0.930977306843074	0.656683363524075	0.795359061833628	0.95636906735627
1	930073	931073	930467	931057	0	2	0.362373232391694	0	0.89302771213739	0.516049069730969	0.387696342200188	0.952368086095788	0.828073731578085	0.952973729716345	0.631052220332718	0.918683946999034	0.927635292471844
1	930573	931573	930911	931057	0	2	0.512201106028771	0	0.977402212194573	0.58319312102583	0.254691037789579	0.976086848329737	0.689164218180192	0.828351702276425	0.919208244299354	1	0.95149263236611
1	931073	936073	933315	933744	0	1	0.175313963839989	0	0.91027442818885	0.198415289428092	0.274653614818364	0.297090728483849	0.866590070693915	0.255325821539481	0.287197633118066	0.332343472992128	0.97293084891949
1	933573	943573	933744	942839	0	5	4.79948778517711	0	0.918241926367858	0.224800606764925	0.313007678262643	0.00341057182221149	0.601469736077026	4.96669173832842e-06	0.776251610040655	0.585462263790673	0.968168902416101
1	938573	943573	940945	942839	0	5	4.86013651948712	0	0.970565359975287	0.147034990711164	0.250556012548095	0.00216314445933241	0.517525183712593	3.45754872776993e-06	0.681541809604451	0.98209881440443	0.977214001994686
1	938573	948573	940945	947136	0	5	4.65001300413592	0	0.75407721114414	0.672865254559015	0.417712608453121	0.00689492594120567	0.290113235947572	9.35114045730323e-06	0.575667287251753	0.233299044094868	0.921004656925995
1	940573	941573	940945	941188	0	5	5.37007620888166	0	0.925273582188131	0.0790436573497749	0.184889666658592	0.000950609634180477	0.493810209965847	7.8856306318098e-07	0.602551835103527	0.760520004063103	0.971505816610805
1	941073	946073	941188	945931	0	5	4.65649831441156	0	0.46951949188203	0.333106210724114	0.28742586803052	0.00643195294266064	0.326193014585771	7.19409787386383e-06	0.643730432088026	0.162083814046473	0.752840019548685
1	943573	948573	944189	947136	0	0	0.745585130472998	0.745585130472998	0.113237041972845	0.968712091281801	0.941534525769666	0.59157284446987	0.220901341504771	0.6303382279825	0.709309572695205	0.059432809417616	0.0873291222034939
1	943573	953573	944189	952846	0	0	0.700696286412592	0.700696286412592	0.187606224381144	0.973844651643497	0.955338696102505	0.941767132719945	0.587700245376512	0.918392864811885	0.485464782913958	0.135212698278354	0.134179394979802
1	944073	945073	944189	944888	0	0	1.07999135281227	1.07999135281227	0.0530754852838233	0.638094977905434	0.781326045046301	0.835014514333786	0.555723704609767	0.238258183784832	0.397946029488192	0.0305328947258902	0.0445416157668571
1	948573	953573	952068	952846	0	0	0.321356429909309	0.321356429909309	0.462883921320407	0.969978320220417	0.970126851616086	0.978577048439946	0.971964430864689	0.968842763297829	0.531724208012628	0.504681615884029	0.361162926263001
1	948573	958573	952068	957040	0	5	0.55159352174784	0	0.632465341152787	0.550901485512618	0.977403295829118	0.973915365500048	0.974690259684765	0.273481338008462	0.707137980852374	0.666299386221332	0.496404879777395
1	951073	956073	952068	953788	0	5	0.455613200120335	0	0.57687229190595	0.411364654703916	0.957596193704515	0.973588661452682	0.974415571976629	0.335404751729362	0.756779042136863	0.535564918064754	0.37429807777047
1	952073	953073	952641	952846	0	0	0.0835765980015888	0.0835765980015888	0.803272037761944	0.97450894673699	0.963856616156289	0.973800657353575	0.97373156208295	0.970945195614733	0.903072903989177	0.718905325082381	0.567810320784431
1	953573	958573	953788	957040	0	5	0.623817941531152	0	0.748737594206934	0.325371196036864	0.973417961903614	0.973137544826013	0.976196290971335	0.231396234253161	0.774695754419552	0.770348662268642	0.688104046914383
1	953573	963573	953788	962890	0	2	1.93680981132021	0	0.904043070900524	0.142971546965821	0.00664088725517242	0.958102883915499	0.0315977422704649	0.574163946627061	0.666571333442261	0.95995530905806	0.774146303787026
1	958573	963573	961606	962890	0	2	2.47626059596323	0	0.972371667422188	0.658283756025185	0.00267727454550992	0.89740156635069	0.0111177686154733	0.801592241142493	0.749676381365945	1	0.827254119702094
1	958573	968573	961606	967007	0	2	1.7296029386761	0	0.768613809320733	0.676861511106415	0.0143253500904321	0.855906051104114	0.0483582960590937	0.943125534620517	0.761385955159564	0.789221136070046	0.752554345374944
1	973573	983573	973773	983243	0	3	9.07502526825219	0	0.520402211606441	0.0647430475990055	0.48025904464563	5.44713163463939e-11	0.000649877711331293	1.29318178387905e-07	0.65889139792462	0.479247173747102	0.410922016547928
1	976073	981073	978668	980868	0	3	8.69579186870594	0	0.907320678131044	0.0106099672528428	0.0323650789019627	2.13757900269229e-11	4.6963546893708e-05	4.11530809429905e-11	0.66489832893276	0.962695494897767	0.741363717161712
1	978573	979573	978668	979556	0	3	10.8619313408539	0	0.734043477582759	0.000727083150042773	0.00364941366595861	9.99200722162641e-15	6.96239478736871e-07	1.90958360235527e-14	0.56980866668006	0.823879120964986	0.728166558119688
1	978573	983573	978668	983243	0	3	9.07777802722563	0	0.464644073195355	0.0563222611209568	0.494300969111634	4.70871119873095e-11	0.000530283253661223	2.84102895653504e-08	0.464052908121288	0.494652741531098	0.435826147710453
1	978573	988573	978668	986628	0	4	35.1420311727816	0	0.637950436054081	0.37613777321542	0.136349807363524	4.12926804083114e-07	9.83158087113508e-37	4.02052183323676e-07	0.719037525171501	0.682064255753492	0.475292980403439
1	979073	980073	979556	979922	0	3	8.3519379533956	0	0.971841721201799	0.00312678613483841	0.00992579077103772	1.39046552050104e-11	1.43791889500866e-05	2.65911737074021e-11	0.700297647715572	1	0.788404057784311
1	980573	981573	980868	981353	0	4	1.02278693725957	0	0.724720064902106	0.350959469944796	0.970112428049531	0.970703389654538	0.0910987532339105	0.960062199518521	0.552663720387831	0.809920400043861	0.736752384289222
1	981073	982073	981083	981353	0	4	1.08742024274094	0	0.675273944143657	0.337857840097954	0.983124658980355	0.970151849132648	0.0594869773365647	0.727515322775819	0.618990885727346	0.658162567956058	0.73456394927694
1	981073	986073	981083	985855	0	4	32.448405349022	0	0.31419293510234	0.806436932862891	0.707330616257145	0.0470767469392275	1.66271019328433e-33	0.466897886766233	0.381325099485361	0.296475285433609	0.276341311339718
1	981573	982573	982425	982539	0	0	0.98795008486811	0.98795008486811	0.0754261905665815	0.844573322582746	0.974390808996082	0.361345908568899	0.559515616940074	0.73362185191594	0.0679620984015159	0.0771772672422296	0.0825927066891369
1	983073	984073	983243	983583	0	3	3.63177493279631	0	0.607066553127428	0.20218173573958	0.424537331483137	9.91153577665216e-05	0.234422221095119	0.732147180512652	0.818418505893854	0.470543585333972	0.374288735961049
1	983573	988573	983583	986628	0	4	31.4095539166459	0	0.707403895119214	0.967897599144777	0.156746063798465	0.960291558985123	2.75494878823323e-32	0.00461607499771022	0.800221064184613	0.719512042164025	0.526993831962751
1	983573	993573	983583	992901	0	4	29.4892244473001	0	0.790771178128284	0.952534315586391	0.39104283585547	0.969297697415403	2.56345905212425e-30	0.0139787164572673	0.690454512140757	0.883045226425817	0.673709688430763
1	984073	985073	984660	984669	0	4	49.8848021552432	0	0.625396267449691	0.593299824600122	0.0846020179474221	0.0875727696574969	1.14173924701633e-51	0.0135041548661231	0.81563501412037	0.488309559770451	0.423451043134065
1	985573	986573	985855	986460	0	5	1.50423661855822	0	0.584143436001874	0.973340562777269	0.977861417708711	0.615909088620549	0.986528346561071	0.0304809293198368	0.470646829071104	0.616162659296955	0.653252970983361
1	986073	987073	986165	986628	0	5	2.69648700433924	0	0.971995781379477	0.974253334185022	0.609214696717755	0.188940342593925	0.867194892504619	0.00174433424503184	0.794574834598805	1	0.726593787419787
1	988573	993573	992027	992901	0	4	1.05404779356099	0	0.972916531033772	0.970424967702525	0.596470830531959	0.972413706184574	0.0856868481355942	0.222714273268188	0.73641248984489	1	0.875964096161637
1	988573	998573	992027	997929	0	4	0.23732309146504	0	0.819740714664877	0.273749784596657	0.456804081853032	0.509500962927719	0.26448855536651	0.274953426095103	0.665601523620393	0.890560004611698	0.797380775534325
1	991073	996073	992027	993658	0	4	0.62660049803243	0	0.984609866524709	0.130499826788842	0.509434617907428	0.678464086415841	0.12036160087604	0.139739737809241	0.988883966245382	1	0.818154608151701
1	993573	998573	993658	997929	0	1	0.641124346685243	0	0.689398025110189	0.0739862915707368	0.274703004956957	0.323799076908649	0.607059515321877	0.2986562185037	0.720858821643546	0.664265232806567	0.679257814913924
1	993573	1003573	993658	1002809	0	0	0.572306367670306	0.572306367670306	0.153648265595892	0.754103754785374	0.471744191665791	0.573897099633091	0.967936147989697	0.372376438079161	0.150208452637326	0.14906229800565	0.162301402316472
1	996073	1001073	996765	1000589	0	2	0.34541676073291	0	0.663197705812406	0.598664182712458	0.299382392332544	0.659885957619842	0.801983614948193	0.807273069112437	0.763665427565258	0.609451352718696	0.57524155883584
1	998573	1003573	1000210	1002809	0	0	1.13029763042776	1.13029763042776	0.0587836143491264	0.906844543798549	0.793512761995417	0.507478746884281	0.814617953795482	0.626235854712427	0.041391416328976	0.0743167286826113	0.0742690738458772
1	1000073	1001073	1000210	1000589	0	2	0.173946919774773	0	0.34780002614212	0.254699653946037	0.233014362346666	0.319839872340389	0.5759651940804	0.564754013565603	0.315302693693487	0.397804807770575	0.335885681927785
1	1013573	1023573	1022530	1023444	0	4	1.51570187085611	0	0.178597322298617	0.981393252200065	0.842512555272379	0.106742819430265	0.0132389258063903	0.434064850488396	0.130325629500899	0.263785680422395	0.182166806488378
1	1018573	1028573	1022530	1028496	0	4	2.11346887063869	0	0.451476682180683	0.00178846004996092	0.00463798893644474	0.213283303416187	0.00159769557904166	0.20747362932634	0.342761268001531	0.568990060466809	0.454918215701574
1	1021073	1026073	1022530	1025751	0	4	1.38816309106755	0	0.185664303476565	0.979149678294654	0.938144332338167	0.116071080443504	0.018212347453511	0.445173207022574	0.103315455937237	0.332939919743933	0.250739091219324
1	1023573	1028573	1025751	1028496	0	1	2.56686740536964	0	0.897933234997081	0.000588861509057792	0.00167353283420657	0.255014935949192	0.018325669273221	0.217210378786117	0.958304711917242	0.729765402559982	0.663043013453742
1	1026073	1031073	1026939	1028496	0	1	2.62474266999566	0	0.753848112295046	0.000474363823806723	0.00134316376563703	0.228507485964039	0.0146900465267138	0.199919073855389	0.837657435355361	0.666230349292308	0.69656881752189
1	1027573	1028573	1027677	1028496	0	3	0.946556318143832	0	0.722545532036699	0.105144869145461	0.195953385173865	0.0473775340526998	0.418917758006279	0.756973919830518	0.547000092195506	0.773593087203134	0.780586073479999
1	1033573	1043573	1041146	1042182	0	0	0.219231072953702	0.219231072953702	0.587106521629961	0.972949205931265	0.971836685990201	0.972630709116793	0.978929715532546	0.967784148850944	0.387454200787476	0.518922299114061	0.772397989710043
1	1038573	1048573	1041146	1044596	0	0	0.212764434372108	0.212764434372108	0.59570246486792	0.972285550253611	0.940393069951022	0.972940049523085	0.978567658530656	0.972141666849871	0.317619613583498	0.67545613110462	0.743597269204153
1	1040573	1041573	1041146	1041562	0	0	0.246588480926712	0.246588480926712	0.551160069014577	0.937882535794455	0.973293002815808	0.97244764019679	0.976016375475344	0.811522634654152	0.405574017619337	0.432223432485925	0.751305802473871
1	1043573	1053573	1044596	1049232	0	3	1.26612708233405	0	0.427628238432276	0.971186068888598	0.0564993600683839	0.0408353630493385	0.753639240799023	0.968209978817433	0.227652317376213	0.664883221966837	0.464274545445526
1	1046073	1051073	1049231	1049232	0	3	0.97927892785809	0	0.343927823834788	0.828185489673957	0.0798854319035134	0.0391368893926227	0.373134351360776	0.427138871051865	0.230326329704668	0.466151155185495	0.389245651975586
1	1048573	1058573	1049231	1057989	0	3	0.987786079375914	0	0.670580288374819	0.971487750146726	0.28335138176696	0.07057680769977	0.686195854477859	0.976994488238792	0.871639644022151	0.45725532983098	0.371479460689495
1	1053573	1063573	1057989	1062993	0	3	1.97195975124453	0	0.387439937947292	0.97107193363476	0.968093287595884	0.0103266024411542	0.966993401646655	0.979532090402179	0.583819500169477	0.398376119921273	0.242780974708028
1	1056073	1061073	1057989	1059199	0	3	2.18556727945677	0	0.908088335752908	0.972534232897719	0.967082675562606	0.00631015881639407	0.967403310700831	0.989776022853115	0.976268005071408	0.237681842992815	0.135365318751053
1	1058573	1063573	1059199	1062993	0	0	0.707604868550462	0.707604868550462	0.184707438406217	0.843138195266091	0.972711958394056	0.570126261441724	0.973292297856725	0.942083188660518	0.103845500515237	0.375947761030674	0.219870374227202
1	1058573	1068573	1059199	1065867	0	1	0.527530789801774	0	0.368544954607161	0.269041138423685	0.893598373785643	0.906461747731055	0.973038783708856	0.977040224170805	0.413514229799656	0.473713143551009	0.257631055571325
1	1061073	1066073	1061202	1065867	0	1	0.643052261750832	0	0.759387940600029	0.207308748788868	0.911317882149385	0.811790566302522	0.960582488917398	0.938922048382155	0.878587940576547	0.688640624234592	0.504989805322677
1	1073573	1083573	1076174	1080278	0	3	2.93860002269467	0	0.575821250560497	0.00225555429145241	0.480077052186206	2.5980844428064e-06	0.00133437112603851	0.00019676193244389	0.589865962709934	0.60821650954933	0.52688139374517
1	1078073	1079073	1078598	1078835	0	5	1.42807836204992	0	0.694326124218911	0.855674641486302	0.97052474973832	0.976019537783307	0.465767493065985	0.031932307260759	0.581092419908188	0.640819376375997	0.798722712024941
1	1078573	1083573	1078598	1080278	0	3	4.85790395352186	0	0.366819480984092	0.000101136132147794	0.386347400787675	1.4028214145867e-09	7.08405328394557e-05	3.08894082823308e-06	0.221486226701103	0.442715144833146	0.514421851797245
1	1103573	1113573	1106666	1112496	0	1	1.55005964106104	0	0.667946500872341	0.0204660857332358	0.726263854298855	0.867499587204111	0.884132400434282	0.209678137247507	0.363741269685945	0.773042184030232	0.757472146384487
1	1106073	1111073	1106666	1110924	0	1	1.51010680957204	0	0.505290806714641	0.0156111388743743	0.861952443470338	0.88492462907356	0.377868473440098	0.147848272350702	0.321044077135526	0.606733947149294	0.60186884603211
1	1108573	1113573	1110035	1112496	0	1	1.55965038378113	0	0.563462288561591	0.0194044902979309	0.703967522245569	0.901382246375205	0.925696746645729	0.152347141591686	0.28001345593042	0.674553660582832	0.719095729361303
1	1108573	1118573	1110035	1118522	0	2	8.9424117947846	0	0.578017383672272	4.21440660147709e-13	4.56301663120939e-14	3.99635303457435e-05	1.05945444062172e-05	0.000130285415399278	0.189506530419122	0.824857134311244	0.671211614212012
1	1113573	1118573	1116227	1118522	0	2	9.52660432236584	0	0.60027402076942	4.4229064855017e-12	4.2188474935756e-15	1.41839812597411e-05	1.02204890017887e-06	0.00014475296964056	0.442744533013487	0.733584140271181	0.580258454431417
1	1113573	1123573	1116227	1122621	0	1	7.6455688242259	0	0.400785498099221	1.41476247212997e-17	5.01950939140534e-17	6.75405953387553e-10	2.57549537252544e-12	6.25536067389021e-10	0.730901528056249	0.214878261689527	0.327029909701968
1	1116073	1121073	1116227	1120821	0	1	6.95717424370733	0	0.238347935816649	9.6933979909569e-17	2.9857562428005e-16	1.52230406058607e-09	7.12252479218023e-12	8.7831497630475e-10	0.427316423935835	0.149028194806206	0.247132771736199
1	1118573	1123573	1120821	1122621	0	1	3.84472336227309	0	0.21317294708631	3.41275896431625e-11	3.90944665529247e-09	7.38249777754163e-07	3.05582221749035e-08	2.38687116738134e-07	0.371339573554546	0.136748449443716	0.223974142086069
1	1118573	1128573	1120821	1126309	0	2	4.84958157296548	0	0.263275020281993	4.051059487864e-11	8.28781487882679e-12	5.86167337335297e-07	1.52840629041862e-10	8.34216196565762e-07	0.415404123642349	0.169336209948756	0.287474354052809
1	1120573	1121573	1120821	1121288	0	1	3.73096557988595	0	0.153098203293123	5.27230481495167e-11	4.97934604659633e-09	5.05690123775437e-07	9.25958298925167e-09	2.8376974547939e-07	0.409320681426186	0.0950587844223377	0.135389347859126
1	1121073	1126073	1121288	1125283	0	2	5.54725507585624	0	0.66597073963418	0.126279823948612	3.58161493130282e-07	0.0729990849544737	1.66879062377667e-05	0.843130755845248	0.583412843598897	0.768045011977977	0.602827484275684
1	1123573	1128573	1124849	1126309	0	2	2.85674987636702	0	0.510270894905676	0.0694379525703694	0.000244253141584494	0.17562649522021	0.00218274782196537	0.872306888719741	0.794135984425599	0.298946726816945	0.353455055157498
1	1123573	1133573	1124849	1133099	0	5	7.27853091452437	0	0.358535289394369	3.33064047677657e-33	6.73391756134417e-31	2.61378880667112e-27	1.12351952320114e-33	3.54598489101369e-38	0.729378885850043	0.198202724370934	0.264310997359969
1	1124573	1125573	1124849	1125283	0	2	5.62713204271866	0	0.773783820719443	0.0378723233431344	9.46576479421424e-08	0.040113240893175	2.72955545788101e-06	0.805437169903179	0.812351040559664	0.79569822968092	0.684008145693312
1	1125573	1126573	1126298	1126309	0	1	0.85305530771817	0	0.247337315333679	0.0728533225174087	0.604808758401367	0.24821036566022	0.519403259284354	0.837739249543074	0.602605137145342	0.166010499778358	0.17392581392399
1	1128573	1133573	1131147	1133099	0	5	19.4142250237389	0	0.314441609078641	3.87843179820168e-54	3.02694315106867e-45	6.58310915390805e-45	9.82620987777918e-52	1.16621665885769e-64	0.824030100338463	0.139848511198357	0.190027325378132
1	1128573	1138573	1131147	1137414	0	5	17.3978051176199	0	0.640439724706551	4.39791772062747e-47	3.4761344219645e-39	6.61210840462025e-39	6.15477046608095e-45	1.39088570819688e-56	0.939011314706382	0.130264430141503	0.19396106540728
1	1131073	1136073	1131147	1134195	0	5	20.3962356323792	0	0.203954245247065	6.90463181004638e-56	1.27357705353421e-46	2.68530897698372e-46	2.2655667851151e-53	5.11433996255661e-67	0.451504557339347	0.126019536836469	0.189440648074068
1	1133573	1138573	1134195	1137414	0	0	0.491646712044935	0.491646712044935	0.313454859392944	0.975124995217205	0.972347986023742	0.971773735567996	0.975412482585873	0.662801838431243	0.711269637000697	0.197595839124585	0.200134526140169
1	1133573	1143573	1134195	1143568	0	4	13.6514258842087	0	0.482729907152397	7.62401455678408e-06	1.86806112800753e-08	6.66133814775094e-16	1.70120963072479e-19	0.00543144534428253	0.451031333515998	0.559046382692345	0.438539722931111
1	1136073	1141073	1137414	1140855	0	3	0.115732855630292	0	0.710636493544312	0.791706622693889	0.748004585044287	0.606500861697742	0.803615307150221	0.975028170593166	0.895116945509784	0.368640729045377	0.452673261261253
1	1138573	1143573	1139498	1143568	0	4	13.4440724135915	0	0.520974420220132	2.27306773081803e-06	6.52260667699522e-09	4.44089209850063e-16	8.17598268486671e-20	0.00284571353749663	0.290347007058925	0.709706995863371	0.562127021360014
1	1138573	1148573	1139498	1145962	0	4	13.8211742013657	0	0.518303906062048	5.65854086920226e-07	3.49038109526134e-09	2.80478224915827e-16	8.54142350089302e-21	0.00377631860632643	0.218095697258862	0.779472203718116	0.560259413625463
1	1140573	1141573	1140855	1141491	0	4	21.2835226894116	0	0.776860139577719	5.19190246350831e-11	5.47037527946349e-20	7.50960590896042e-26	2.70273730237768e-32	8.2193998118818e-07	0.792265079407719	0.806379238124919	0.716717230331798
1	1141073	1146073	1141491	1145962	0	4	16.4192889582185	0	0.603448182456707	5.3713216097151e-09	1.78382864035598e-11	6.0342916171611e-20	2.04546568665514e-25	0.000332674870875516	0.327798675426992	0.810899418436919	0.541509977299714
1	1142573	1143573	1143190	1143568	0	4	4.92820672516255	0	0.505226462939943	0.0235989176520641	0.833601927724168	3.06129947618139e-05	5.96045433365333e-06	0.615075664641891	0.366055338014614	0.597574771239843	0.556774360268344
1	1143573	1148573	1145031	1145962	0	1	1.42873064945428	0	0.560542916494308	0.0208871035288276	0.194128537325539	0.867716725406491	0.0475452407482344	0.914075186370628	0.464667794669963	0.650023166575542	0.556511688207447
1	1143573	1153573	1145031	1149480	0	1	0.269742716997331	0	0.165714681266901	0.123888264374326	0.263881564984232	0.230554119059147	0.19386561376225	0.892053692844182	0.431494856497456	0.0914763025378891	0.175138827854988
1	1145073	1146073	1145918	1145962	0	1	1.53319255283816	0	0.390903870796609	0.0114518965995286	0.135291746723728	0.799131347130675	0.0279195177642706	0.93897932288559	0.288619772063388	0.479098490979873	0.43044875927626
1	1148573	1158573	1149480	1157782	0	3	1.07840958743826	0	0.0742568561347368	0.602283126469515	0.644725735932313	0.0538226924279784	0.667453893178479	0.864424336779668	0.0531147305645329	0.0980298567406661	0.0875224755076607
1	1153573	1163573	1157782	1162975	0	0	0.247729107375578	0.247729107375578	0.548693401070313	0.895940149483246	0.976285775219784	0.970641474900752	0.969932285092787	0.972951909731118	0.380865925722034	0.636618536132977	0.620479018098104
1	1156073	1161073	1157782	1160608	0	0	0.11179892702409	0.11179892702409	0.74992542390634	0.969293744937343	0.97056675178589	0.970146972923412	0.968904404009651	0.970101116203527	0.693953176793171	0.760625714467946	0.782915630784722
1	1158573	1163573	1160469	1162975	0	1	0.547633132794112	0	0.402039502946576	0.27537923838611	0.976106961738111	0.970224064521685	0.971771878806938	0.972769204120876	0.1730786107433	0.561601792698515	0.64876550192083
1	1159573	1160573	1160469	1160502	0	3	0.00473357739454317	0	0.974032976569396	0.975643613923659	0.969048089286663	0.963474185595946	0.98248100566599	0.966536712999577	0.821819456321749	1	0.905715445567243
1	1160073	1161073	1160469	1160608	0	0	0.145659430397981	0.145659430397981	0.69290769650281	0.966727114582404	0.969024629809246	0.96927576713156	0.972093451848217	0.968692925204442	0.396805228344487	0.707456747120751	0.826752564314159
1	1163573	1173573	1169878	1170794	0	0	0.930948578158492	0.930948578158492	0.0548492898918896	0.77925552755772	0.216334001050363	0.406557779206984	0.46786395475249	0.491266052158147	0.0468256023115261	0.0517623008926249	0.0712352081693044
1	1168573	1178573	1169878	1177821	0	0	1.76726756255714	1.76726756255714	0.0106361580785239	0.909689960159575	0.297556639794362	0.727650125306149	0.560675886843874	0.622375296110869	0.335111399668152	0.0114113455757285	0.00519254425963933
1	1171073	1176073	1174114	1174410	0	2	1.01807673269035	0	0.3820703347151	0.973731496084281	0.0647135723586085	0.971935917604691	0.151219271152891	0.674640031142262	0.282279882044702	0.487620244833774	0.404000643392545
1	1173573	1178573	1174114	1177821	0	0	1.93489576677961	1.93489576677961	0.00839049278299287	0.972257484738	0.139587360397218	0.972479786412651	0.331153046887777	0.722242823077919	0.443273333908859	0.0221097297456407	0.0032076655108928
1	1183573	1193573	1186678	1190685	0	5	0.481821635601048	0	0.462895259193694	0.433076253707621	0.646271091948974	0.76677592462343	0.863514075310916	0.213104732580273	0.19551010056271	0.726404404801855	0.564356808779245
1	1188573	1193573	1189924	1190685	0	5	0.565963219212763	0	0.550896381562326	0.464812429924208	0.417041455480208	0.673805848096451	0.659790931973607	0.149660330723984	0.309550388697446	0.712411416090731	0.614924699641738
1	1189573	1190573	1189924	1190166	0	5	0.834767130683941	0	0.540431441449195	0.294142369654262	0.334695483989785	0.425898589899592	0.711818491413571	0.0623073199961944	0.392833095710357	0.58001746148664	0.641492762518259
1	1190073	1191073	1190166	1190685	0	2	0.294784173799083	0	0.453015622597883	0.921819457216013	0.425836013628832	0.97265169616811	0.839511329421667	0.692128917547567	0.320251277771486	0.589623350236172	0.467709445489561
1	1218573	1228573	1222657	1226797	0	0	1.15312228653554	1.15312228653554	0.0456291035176086	0.30721095474246	0.974120099029674	0.649178641480331	0.974194117115955	0.63763664449515	0.038820734539252	0.103808662771348	0.0328042901024173
1	1223573	1233573	1226797	1232474	0	4	1.22094569769161	0	0.0396033722241731	0.463853612703266	0.556094754166566	0.782589946938442	0.027889147920132	0.214157537056871	0.0322111897957789	0.0618635234802579	0.0349951023457362
1	1228573	1233573	1232004	1232474	0	4	1.42452539111155	0	0.0313672220300434	0.815594393641867	0.383865825893239	0.861590428337259	0.0144428885222627	0.11948846998836	0.0444146726079318	0.0322275083931807	0.0237430836345608
1	1228573	1238573	1232004	1237630	0	4	1.27961768086936	0	0.0552918225073292	0.602519840439343	0.96864106119438	0.948662875790322	0.031648539377368	0.0652118677558018	0.0436706120924726	0.0935937377000231	0.0482159818827524
1	1233573	1238573	1237232	1237630	0	5	0.864259630603843	0	0.588984664306814	0.319577514715943	0.642038372466878	0.856772327084195	0.289406565554587	0.0805089859237815	0.430681212300632	0.715416944709713	0.586662151151766
1	1238573	1248573	1244368	1246390	0	0	1.25395253714401	1.25395253714401	0.0541867454107221	0.972928132459133	0.96862207032963	0.980024695193955	0.972401464268922	0.970240405725982	0.171830922899364	0.0281463886040445	0.0695467430024819
1	1241073	1246073	1244368	1244386	0	0	1.49478442644279	1.49478442644279	0.0310548760668152	0.969871300338816	0.970318310485358	0.979834121057933	0.985249902735908	0.966259422923047	0.0177964439752291	0.0404507970080872	0.0633518707980982
1	1243573	1253573	1244368	1253261	0	0	1.14553671434798	1.14553671434798	0.0694781418414656	0.958636753127847	0.968188952274101	0.97731680026801	0.97227938928737	0.971370498300087	0.334433590225208	0.0332281574761613	0.0908532750920622
1	1253573	1263573	1260196	1263085	0	0	1.41279912058387	1.41279912058387	0.031788190390733	0.466983357331201	0.973765906759837	0.137549157504862	0.822365582622883	0.971528020986052	0.0231152511660109	0.032065529530466	0.0501006024764097
1	1258573	1268573	1260196	1264791	0	3	0.531011824026068	0	0.118895911073094	0.877169805702837	0.588918518268895	0.0893323221588356	0.303403402939145	0.171771069678681	0.0448469355775446	0.0451024244786276	0.950710476851165
1	1261073	1266073	1263085	1264791	0	3	0.936757362028094	0	0.944992685637332	0.510869372984183	0.186526401961719	0.0215765970409294	0.182066784299275	0.0503924488173397	0.591040599043946	0.756548583749292	0.979944951932637
1	1263573	1273573	1264791	1269004	0	3	1.52873740578775	0	0.947877739070425	0.944697209412582	0.294062595588882	0.00870366928091704	0.174677434711333	0.0241304799791449	0.665728227300727	0.836174602967173	0.979899891519607
1	1268573	1278573	1269004	1275280	0	0	0.265938255262451	0.265938255262451	0.318601987061018	0.587742012010092	0.927702790508975	0.616847649997899	0.348434626276277	0.436199262622675	0.206757642871049	0.443482453283744	0.371736306855367
1	1273573	1283573	1275280	1279970	0	4	0.303873477637472	0	0.471101735185598	0.983127062579301	0.954101294451883	0.692283007677013	0.343882594093651	0.506284240741428	0.77053919082366	0.315687340146729	0.293649277743207
1	1278573	1288573	1279970	1288528	0	1	1.59990765244696	0	0.42551824316144	0.0223600291781763	0.840210487079382	0.913030036628465	0.889979531284432	0.966317844553904	0.210404987296115	0.53810847005027	0.634715527083201
1	1283573	1288573	1287553	1288528	0	1	1.99971974938512	0	0.650692757602227	0.00651112785724295	0.633386720345108	0.975751091433008	0.64596795897634	0.903285632482987	0.462675602903591	0.660709231327151	0.765426522020462
1	1283573	1293573	1287553	1292438	0	1	1.19932953157227	0	0.784929826310013	0.0561406400295399	0.907644655221928	0.95210162969673	0.821240757662011	0.88839660670204	0.888523117117876	0.661890083084442	0.633995384112934
1	1286073	1291073	1287553	1290917	0	1	1.50928168311114	0	0.948702246794847	0.0265149182383961	0.856127741462792	0.978229980166377	0.856587978958801	0.817394399586713	0.982360922964042	0.53714741658307	0.595543575241655
1	1288573	1293573	1290917	1292438	0	0	0.281448035076699	0.281448035076699	0.459323681531143	0.922858257416738	0.901667774993007	0.878146292638801	0.770019067644603	0.675067641187175	0.518253643782279	0.426116454818884	0.435179516102462
1	1343573	1353573	1349739	1352854	0	5	0.810217206285905	0	0.276812228947697	0.516114722273116	0.594628549009777	0.681664863821572	0.869289075353012	0.0920510083449998	0.678538995158608	0.195943453584928	0.165475575952666
1	1348573	1358573	1349739	1353842	0	4	0.927217980002775	0	0.256017093054357	0.741482681657816	0.934103476069032	0.718829600417965	0.0849978562578653	0.209830073537288	0.367693773082438	0.244918030341384	0.195845554242099
1	1351073	1356073	1352854	1353842	0	4	1.00166260724293	0	0.162808852491092	0.475440727031785	0.764968191926357	0.445901111437334	0.0473624079388575	0.488202345221389	0.143332983392739	0.200972346678026	0.153627061017948
1	1353573	1363573	1353842	1360638	0	4	1.23979764490241	0	0.342671428057711	0.975347506210722	0.50984328935492	0.66697667186986	0.0383983885978187	0.708293874028583	0.228421546820711	0.453022340214243	0.400760399105056
1	1358573	1368573	1360638	1368408	0	3	1.19498608901086	0	0.602517367021019	0.813687592148203	0.304252950732181	0.0384577153449546	0.732589685198149	0.140702176566601	0.769702970378591	0.561443752653402	0.399529887257213
1	1363573	1368573	1368060	1368408	0	3	1.9445351237415	0	0.687987648246974	0.814950246101078	0.214468439343498	0.00781709729625679	0.701443776229616	0.0720499105073931	0.891867895001425	0.414370818023139	0.341726804533729
1	1378216	1383216	1378216	1381253	0	2	1.6048877252274	0	0.293769170194501	0.866180788395482	0.0215139830320956	0.903852302804825	0.398435440270671	0.972673118203374	0.451094529296666	0.267872912257059	0.218273575479336
1	1378216	1388216	1378216	1384038	0	2	1.03005672032859	0	0.364563751388353	0.867959485547054	0.0340186256520441	0.943001000828485	0.249776278191844	0.170590821356675	0.378878000918713	0.400933628571771	0.319276200480087
1	1380716	1385716	1381253	1384038	0	5	1.5177971237246	0	0.908948623046368	0.863591025096413	0.981514001154881	0.837586219194342	0.639568851439427	0.0262126540945635	0.961286984878714	0.813903471948063	0.649485345038241
1	1383216	1393216	1384038	1391374	0	5	0.599676300949832	0	0.604149050139011	0.399726967657176	0.822966035902555	0.460622177487209	0.204318894077741	0.115789330566668	0.43929176296239	0.737713594565804	0.588554570616844
1	1388216	1398216	1391374	1393546	0	0	0.70057944413896	0.70057944413896	0.0695557449724042	0.349069939395094	0.754661598914808	0.348612135579472	0.112923554528364	0.633002043015678	0.0580068829412785	0.114067589313222	0.0581475545113006
1	1393216	1403216	1393546	1401764	0	0	1.39430073103506	1.39430073103506	0.00940485571314342	0.189554008761806	0.966459110570258	0.828230677047846	0.098135790879526	0.233159367294334	0.00428044208672858	0.0164761968358864	0.0403580614216755
1	1398216	1408216	1401764	1403788	0	1	0.401853913330071	0	0.289617668070241	0.238812685996449	0.98258908573297	0.973636124551556	0.378085152866603	0.602436541460412	0.299452479838033	0.274279174842417	0.296057957338302
1	1403216	1413216	1403788	1411863	0	2	0.723483486746624	0	0.501985493904718	0.970093957032981	0.183370856075096	0.971036946870969	0.974810821331737	0.968538025210362	0.309433891682504	0.574545266150496	0.637851791421172
1	1408216	1413216	1408445	1411863	0	2	0.822588702274861	0	0.21635438403742	0.897114602582952	0.124585147287832	0.663841013735677	0.935342136176053	0.828046969829925	0.165174475281062	0.251801594309496	0.254448576375682
1	1413216	1423216	1420466	1422634	0	3	1.17595791213871	0	0.603525763860601	0.128686343082443	0.332960037467164	0.0402474066963982	0.970513435639196	0.953454291584359	0.592368180427346	0.579084323211237	0.637058705038408
1	1418216	1428216	1420466	1426237	0	3	1.99437161930423	0	0.176319107884856	0.799276837780869	0.811334511131225	0.00809702739120977	0.838821958786788	0.476308510225086	0.182979767333365	0.154043573882664	0.196977188619285
1	1420716	1425716	1422634	1424527	0	3	1.56937561764787	0	0.227211534258277	0.962479736668309	0.444260865783026	0.0119746393142033	0.542502822472723	0.170621400557419	0.168359224594374	0.222173294387079	0.337402674635216
1	1423216	1428216	1424527	1426237	0	0	1.19306271982598	1.19306271982598	0.0386721268856293	0.824407997903073	0.807602970085216	0.0587794023534933	0.603199229118467	0.105301292318949	0.0192929906633539	0.0650494716085439	0.0945277529528564
1	1423216	1433216	1424527	1430559	0	5	0.933681224633929	0	0.141405076305365	0.858263116400668	0.94938105443795	0.116523693479787	0.706231583421942	0.0822746249313471	0.0974093405428979	0.180921505844919	0.1803302878287
1	1425716	1430716	1426237	1430559	0	0	0.556539634860776	0.556539634860776	0.269017856026302	0.976063610847094	0.968993228340391	0.942143997751255	0.970804607150684	0.846651669268824	0.32691141542595	0.267875280889625	0.226027040288087
1	1543216	1553216	1547177	1552870	0	2	0.515496876443039	0	0.806114231291799	0.978349508616993	0.296172693569722	0.967849576535774	0.975288380299373	0.970603586016415	0.879268097910081	0.792818436312508	0.64209053565363
1	1588216	1598216	1594961	1597403	0	4	0.705943365239685	0	0.97308800218949	0.608368147099674	0.850682573045736	0.545491280568398	0.119735546835333	0.566264251872754	0.879553928974005	0.989566734464508	0.87363432788193
1	1633216	1643216	1636309	1642158	0	0	0.562120194575848	0.562120194575848	0.108934306904424	0.138175402667591	0.23683910104071	0.973884176340625	0.397452166931546	0.87947674272662	0.0633539601395412	0.174050903944132	0.159884312116463
1	1658216	1668216	1660667	1668113	0	3	1.67122606632523	0	0.902797731219385	0.971348620670828	0.977049834765652	0.020693684126593	0.970652733576714	0.969507671023066	0.684549892088118	0.835667459067597	0.955462138672214
1	1673216	1683216	1674201	1680521	0	0	0.0867007556751542	0.0867007556751542	0.795412178194829	0.971718309043934	0.970941623901501	0.972519797428253	0.97116493128158	0.970387341749165	0.768487233945682	0.841075677597292	0.757657098939921
1	1678216	1688216	1680521	1688096	0	1	1.14166693667679	0	0.951755043812289	0.0686844223910499	0.975551424809755	0.856686314190674	0.908112006283037	0.977480713138549	0.917362682569889	0.976626023675672	0.868584260054199
1	1683216	1688216	1685412	1688096	0	1	1.36521375371595	0	0.97400760340613	0.0420096045510519	0.97518942522749	0.771158939711482	0.971560250402779	0.979541615729312	0.846391130852767	1	0.895234596388793
1	1683216	1693216	1685412	1691375	0	2	2.8007497091821	0	0.0467953686559912	0.189201222613002	0.000114645316088735	0.0724612839727932	0.0796726334284887	0.0104494822868866	0.148069109228538	0.261955000172803	0.0183373922254023
1	1685216	1686216	1685412	1685887	0	1	5.10991418601955	0	0.983363579406209	7.12218577736401e-06	0.91733398588294	0.60931026587326	0.72820429918824	0.981436983580196	0.985497967777729	0.990889509728697	0.913595393587782
1	1685716	1690716	1685887	1690551	0	2	3.53024123636601	0	0.690049107037422	0.911590489615797	0.000196821400300751	0.521212170112181	0.667288366866575	0.154335331441366	0.482448848905248	0.811140805518388	0.674770555166419
1	1687716	1688716	1688096	1688550	0	1	0.0471506403457406	0	0.887626309684208	0.86972280869539	0.984602308012077	0.969463583441769	0.971882031352423	0.96727444129958	0.735259232876581	0.94513581417068	0.811469985782845
1	1688216	1689216	1688550	1689082	0	2	4.68632806839644	0	0.557044292517624	0.867776944215459	9.99954488367649e-06	0.0543840938898308	0.485633125249815	0.0142647390216819	0.427456015338704	0.649028460117913	0.583855025531155
1	1688216	1693216	1688550	1691375	0	2	3.10428056671268	0	0.0318063532735942	0.435895091979188	2.50168895785663e-05	0.0253217262272304	0.0327987787010244	0.00204183281648462	0.121470508143249	0.121481753048071	0.012756463027098
1	1688716	1689716	1689082	1689225	0	2	4.80129407483023	0	0.68058751199303	0.797301646802544	1.07544920087133e-05	0.0432573921636079	0.85340194940065	0.0192823034313681	0.513251801337552	0.698896213768741	0.771996289953331
1	1689716	1690716	1690341	1690551	0	4	0.661679640597162	0	0.328257704386237	0.783248352882268	0.116186111612154	0.977531613520952	0.113783035794019	0.522104164593719	0.871894093964518	0.140299520538353	0.145969170069898
1	1690216	1691216	1690341	1690911	0	5	1.51607008248134	0	0.00385497113221112	0.284386460129722	0.144062541083824	0.0137736767986048	0.000650626551434552	0.000419739465841174	0.0397259025186851	0.00192395646388421	0.00428459335979392
1	1690716	1691716	1690911	1691375	0	5	1.54700569056601	0	0.00779106138967434	0.205012991772777	0.133320065367253	0.00536623132406078	0.00036263290220151	0.000221101116585465	0.0600199573532843	0.00624994598145867	0.00479497848681487
1	1691216	1692216	1691284	1691375	0	3	0.48812690083542	0	0.977833955099277	0.197055726519946	0.373336316729879	0.121331435999163	0.530599863236788	0.352058260035752	0.797488435835931	1	0.967751625094026
1	1693216	1703216	1699938	1701544	0	1	1.28149794191622	0	0.974586622293606	0.0250996220134755	0.276659914047805	0.121659077669749	0.479915882886804	0.758304666592214	0.876161467072984	0.996057726866894	0.904601396703461
1	1698216	1708216	1699938	1705819	0	1	2.7455915663196	0	0.780231168150624	0.00132794729294417	0.0888938571701889	0.176061054407158	0.73921778015354	0.8577859644299	0.477296832935926	0.852951252513089	0.830317144865198
1	1700716	1705716	1701544	1703348	0	1	2.09943695343259	0	0.977229699593864	0.00539429996520702	0.678222270443997	0.109112612330172	0.465389077070513	0.960280443019074	0.950903875268781	1	0.914062289346604
1	1703216	1708216	1703348	1705819	0	1	1.7940441572125	0	0.624527517201995	0.00842846548173359	0.0609266940451945	0.119029102429544	0.524556979289441	0.869930446974781	0.453426623211228	0.637424482739315	0.737445983561736
1	1703216	1713216	1703348	1711181	0	1	1.58137122313635	0	0.636238880998323	0.0166820332501199	0.0659924168584478	0.200845720051821	0.766668579743485	0.828339263706169	0.528972933674202	0.705116070223617	0.654127504298241
1	1705216	1706216	1705731	1705819	0	1	1.79860732367016	0	0.556036533457647	0.00720217108582322	0.0728325897610873	0.100113547293258	0.452971374210718	0.905322562432262	0.46056064035751	0.534706791190434	0.659748905610227
1	1708216	1713216	1710979	1711181	0	2	1.26657900981725	0	0.962011764279072	0.971283775433503	0.0525735283204417	0.878017603320398	0.976640946878813	0.971992842364069	0.987390337951855	0.518496429529728	0.415984772220781
1	1713216	1723216	1720670	1722884	0	1	3.63352742093908	0	0.67986086148861	3.26197908051551e-06	0.0140284145934574	0.00690078457672372	0.0107915739467201	0.761146820217722	0.896672035396201	0.398407387525309	0.297393963371509
1	1718216	1728216	1720670	1726506	0	1	6.56481258583115	0	0.911317562005929	2.73368816472441e-09	0.000100093133614143	0.0100360209301533	0.00618836444554993	0.115785390756002	0.97121973938155	0.497792790456235	0.34362744985511
1	1720716	1725716	1722873	1724017	0	1	4.84974540943198	0	0.799503743922989	1.26067698724697e-07	0.000149878912679036	0.00891967919035275	0.00385714283483751	0.830360921928519	0.762863046901801	0.714034661007684	0.866092694226447
1	1722216	1723216	1722873	1722884	0	1	3.62274542013526	0	0.791895515105141	2.81354998232786e-06	0.011803207847916	0.00590129146941665	0.00901596000228233	0.791999197892473	0.492210495976225	0.658121554047917	0.908893325813631
1	1723216	1728216	1724017	1726506	0	1	3.79269467626588	0	0.626907246988912	5.27647762718075e-05	0.000404174277243374	0.947394956492398	0.327369923783786	0.00644549110681492	0.811970109126009	0.500430645240814	0.428395232017405
1	1723216	1733216	1724017	1732756	0	1	3.63036508428928	0	0.904444322472893	9.94260116728984e-05	0.000854251968795294	0.913745981483528	0.424487692546178	0.0140761866830585	0.95353209270357	0.733357467058218	0.851745651788696
1	1728216	1733216	1732527	1732756	0	3	0.272314292782327	0	0.863484041841261	0.553943564669313	0.971914517031529	0.461253869952345	0.751825562766974	0.969309384344248	0.687811471871807	0.82937338312376	0.925730925952718
1	1728216	1738216	1732527	1736733	0	4	0.700823415156933	0	0.747228615246514	0.860818140842336	0.857854498244883	0.535306002159156	0.164855141527483	0.827800933266089	0.44012362489314	0.664504606284351	0.881891867696454
1	1748216	1758216	1753363	1757825	0	0	0.279463794470253	0.279463794470253	0.411120542951533	0.920542089375865	0.499703654827849	0.449822991859485	0.895371479792158	0.782407442072105	0.365498552535437	0.466911882662066	0.405424353315608
1	1750716	1755716	1753363	1753364	0	5	0.402281811947	0	0.589122831554371	0.758249127508645	0.970640467737923	0.971502856106919	0.969839697243252	0.384076861953221	0.797997301536509	0.449381289095712	0.397012842357982
1	1753216	1763216	1753363	1759732	0	2	1.00345726568878	0	0.506671205732796	0.969217671734867	0.0887430349307303	0.500736545313785	0.942746320889745	0.894523064179145	0.601281000167679	0.50921491109666	0.408557231848069
1	1755716	1760716	1757681	1759732	0	2	1.18924113580022	0	0.48261865092327	0.972078707928025	0.0477128474983158	0.243807756589281	0.812984870163481	0.737694374760086	0.615198381747353	0.414962311132729	0.416395351981001
1	1757216	1758216	1757681	1757825	0	3	0.660853908617892	0	0.302411384039	0.972702574444063	0.283558199241163	0.153300990865642	0.797752242630339	0.702099834330004	0.214595387866733	0.324123040550123	0.413974185099011
1	1773216	1783216	1777006	1782193	0	3	37.5428117369614	0	0.203031513236261	8.44447559900097e-06	2.10632500550209e-25	2.41969678888416e-43	4.66293670342566e-15	6.36577542163508e-05	0.157567957465254	0.33602996272545	0.175245725213888
1	1775716	1780716	1777006	1778842	0	3	57.4346074638732	0	0.105826923258439	6.19380768895894e-10	7.99544274432331e-40	2.27693300803163e-67	1.30399946973504e-23	3.83106202317407e-08	0.11718048096956	0.13788940717571	0.0792385905291291
1	1778216	1779216	1778784	1778842	0	1	4.95350293399528	0	0.0136564082346248	2.72538530454725e-06	0.121225661683817	0.244867328910451	0.797511518400072	0.930966722522301	0.00635506438588696	0.0233844126831767	0.0507893074824242
1	1778216	1783216	1778784	1782193	0	1	1.34323530198303	0	0.121687122625162	0.0275893959984963	0.303793571736984	0.711606296363202	0.608103488405229	0.864335475482057	0.075995956176354	0.226493567964198	0.136185623811336
1	1778216	1788216	1778784	1785791	0	1	1.18674357394832	0	0.20650126990701	0.0438782708137244	0.368933518209644	0.740885690159386	0.674517277134375	0.890601561334942	0.257261313219354	0.237959645702386	0.152670034286526
1	1780716	1785716	1781998	1782193	0	4	0.342852921927677	0	0.69282499819968	0.759227673783872	0.886421332214028	0.974808924765902	0.344761774820538	0.415183084176276	0.504262069781849	0.573910014140371	0.840670659238068
1	1783216	1793216	1785791	1791461	0	2	2.50650909582162	0	0.762984029322249	0.970537273582769	0.00302345231441237	0.97780160465833	0.961091405797055	0.977526605840796	0.910806349570826	0.514514996206065	0.417487324367538
1	1788216	1793216	1790749	1791461	0	2	2.66333282506025	0	0.473224354825644	0.927359969091941	0.00201333257313729	0.971862356517097	0.800765203904342	0.962010762322949	0.333815767638183	0.592660602722748	0.507245594014433
1	1788216	1798216	1790749	1797996	0	2	24.5439374402663	0	0.383995461008561	0.190770074465576	5.45221293737599e-26	7.29716822474025e-05	5.27032539848916e-19	0.922957344342158	0.155585675534454	0.711590516205315	0.484779031366963
1	1793216	1798216	1796894	1797996	0	2	30.2220339484236	0	0.438258767086821	0.0133363694600399	7.99841013854627e-33	3.02897842141547e-07	9.0867025422948e-25	0.851174857289116	0.298136146704035	0.582366548624542	0.462462970258861
1	1793216	1803216	1796894	1802878	0	2	34.4796288946634	0	0.332888699162262	2.34406939780829e-06	2.44425356306917e-39	0.00015069605577589	5.91078599681306e-18	7.37522291962556e-05	0.778614507591497	0.24850795737514	0.152413634619878
1	1795716	1800716	1796894	1799054	0	2	31.1565544407139	0	0.850646611760788	0.0111100923562815	7.74752931972626e-34	5.75353680032364e-07	2.27015746939176e-25	0.812384936012332	0.962379386322008	0.277812838406174	0.172145621458991
1	1798216	1803216	1799054	1802878	0	2	15.6224750924098	0	0.151612794041764	1.61033266643518e-05	2.84745218978447e-20	0.225698073471949	0.00011937998862932	6.9832383044921e-05	0.270878766061305	0.160930169378778	0.0983862892511473
1	1798216	1808216	1799054	1804459	0	2	16.1375611562196	0	0.206259647253666	1.04459512374477e-05	8.86252914240131e-21	0.191695524809666	0.000121651882132978	7.83745011232462e-05	0.393637032640838	0.196686486268612	0.135324534763434
1	1800716	1805716	1801681	1804459	0	2	15.6447239961569	0	0.602696231114122	1.14861482511941e-05	2.27618580483123e-20	0.187597605219809	0.000100445782582836	6.52152375324455e-05	0.899089142102238	0.308555508514543	0.201950560621756
1	1803216	1813216	1804459	1810826	0	1	0.68797138994228	0	0.0945452238625935	0.0838241759629623	0.408639818524021	0.592666927672441	0.5583473836055	0.317674625390602	0.0525913026104871	0.20072396479684	0.124070592384061
1	1808216	1813216	1810357	1810826	0	0	0.706414756564599	0.706414756564599	0.0744385838163516	0.378628114462456	0.287834653458895	0.97063150321692	0.969699360319084	0.163340531109075	0.0481856928937496	0.141053460162031	0.0792853007612961
1	1823216	1833216	1829540	1832956	0	1	0.985035664345535	0	0.467863845176017	0.046414974024791	0.448429088119475	0.0791676347916139	0.700492415036767	0.300976043598001	0.401424153975286	0.358622833302158	0.645522142785403
1	1830716	1835716	1832724	1832956	0	1	0.94921201985734	0	0.327100935102977	0.0367679795800703	0.973941132684995	0.161641336405184	0.521464071903785	0.29531269748015	0.264362680359153	0.251964454663534	0.528587972083482
1	1833216	1843216	1840113	1841045	0	2	0.159592872921218	0	0.754338679185294	0.970593285980014	0.671466579470814	0.969441369913223	0.969655074441325	0.970679513104285	0.582885535463796	0.81188259289491	0.794339591111043
1	1843216	1853216	1849151	1849999	0	4	0.118891769550311	0	0.789450135957136	0.973129844764434	0.970056521555825	0.971622329086567	0.737743293422423	0.873501635008406	0.510734790078039	0.683419283257118	0.902740010751973
1	1848216	1858216	1849151	1857427	0	1	0.314693697901399	0	0.684695801805909	0.470563184882984	0.975423221767511	0.971206643425922	0.97367557492585	0.970738377690185	0.457245646699921	0.72056110594649	0.787855875154862
1	1853216	1858216	1854861	1857427	0	1	0.563060908620114	0	0.581756419523203	0.265923112013503	0.978222969995841	0.879488742247728	0.976719352049228	0.972337405331781	0.719066108879629	0.487304367628448	0.501751651959245
1	1855716	1860716	1857306	1857427	0	1	1.01382689490565	0	0.328037491394282	0.0894425990084895	0.98270188088586	0.864227615555561	0.954149804124169	0.92336052796799	0.307785709734704	0.261573606086766	0.443424508702449
1	1863216	1873216	1867968	1872855	0	2	0.320194971061388	0	0.663465944664216	0.705098280107221	0.317412236113473	0.975814705090478	0.644811721367014	0.628315529532737	0.764034590666868	0.394889543461686	0.740582564594289
1	1865716	1870716	1867968	1869989	0	2	0.482373882828945	0	0.84733313798728	0.548644854560172	0.22709441630273	0.906006178071388	0.421030408461987	0.689573143607753	0.942545386179789	0.261854212297675	0.780943380676797
1	1868216	1873216	1869898	1872855	0	5	0.109469252526335	0	0.522730096402963	0.61289527361291	0.49484679076448	0.973981653333193	0.596548009737649	0.463634930587856	0.219390901795731	0.454483097589192	0.819664426658235
1	1868216	1878216	1869898	1877041	0	4	0.344054222860323	0	0.678779303141709	0.543028809803468	0.345803301857551	0.953972934410742	0.307379124156795	0.728007669971558	0.863232724369796	0.289343025097486	0.643581888555904
1	1869216	1870216	1869898	1869989	0	2	0.20812286739672	0	0.544038043864257	0.399143526834029	0.315974466168813	0.974737078405384	0.510240416241726	0.479116007972251	0.260086674656112	0.25967263666077	0.86931398297347
1	1870716	1875716	1872855	1873221	0	3	1.26473139500163	0	0.808010853458897	0.97193291288365	0.970443380692725	0.0527207892500451	0.969593678756896	0.96986949135904	0.927001290661409	0.566644498628464	0.455509167183591
1	1873216	1878216	1873221	1877041	0	4	0.449069419924887	0	0.147499285691545	0.33921945092696	0.161477922868785	0.218975636677338	0.0778621475141847	0.972325217910922	0.0960309081937065	0.174007816604491	0.22821713451335
1	1873216	1883216	1873221	1881904	0	4	0.22384351503469	0	0.426515811886002	0.480925909256895	0.511786340070396	0.399485645473976	0.287233215272517	0.961393250586292	0.238441932158448	0.347089297796183	0.731733868752404
1	1875716	1880716	1877041	1879601	0	2	0.588228812936764	0	0.356032295411994	0.152263393350339	0.0918883771208101	0.971016437110234	0.128588503150679	0.971182393136722	0.227398097410832	0.201838251155874	0.758562671493333
1	1878216	1883216	1879601	1881904	0	3	0.300300132465693	0	0.973833872309091	0.606593932503198	0.41958586456437	0.390456984528078	0.83531202404269	0.779602688970404	0.827607385381243	1	0.895303015587159
1	1883216	1893216	1890559	1892728	0	4	3.57839909066798	0	0.721583672733121	0.000101312179369928	3.0970239709438e-06	3.08071272558941e-06	8.17608647452062e-10	2.63409990708396e-07	0.551760577910178	0.826459228737774	0.693164324075868
1	1888216	1898216	1890559	1897056	0	5	2.43239570162442	0	0.50480987607029	0.011885680332956	0.0120433771375323	0.00810391746822559	0.000100903504992145	4.39165630046201e-05	0.727237525394025	0.524077256563417	0.267308174829805
1	1890716	1895716	1892728	1895522	0	5	2.42361386623357	0	0.700223157192111	0.246421005336979	0.0267387976404196	0.000670883437954184	0.0457733163529519	0.00017258319816027	0.536592784641061	0.802104442956213	0.688269273511225
1	1893216	1898216	1895522	1897056	0	5	1.31875946163159	0	0.757117462690627	0.279916536522423	0.901698774767402	0.676976823521002	0.260543880289945	0.0324948352277652	0.939557764918427	0.386249107716278	0.169888723821385
1	1893216	1903216	1895522	1902818	0	5	0.763299141530028	0	0.79381117890175	0.311792400230135	0.823932220119586	0.54898293097213	0.573279677966005	0.0988706536441678	0.876883559269885	0.713185525650069	0.698141270849624
1	1895216	1896216	1895522	1896114	0	5	1.73978268606391	0	0.271478879813336	0.876943745749755	0.975397125547456	0.895990248927192	0.371299120749224	0.0159657398705466	0.447364101510993	0.372446794475683	0.14571767249
1	1895716	1896716	1896008	1896114	0	5	1.99329405044689	0	0.203612135208047	0.951973304292381	0.957762322558368	0.868575894437711	0.309075417538307	0.00882091671890361	0.584737310689838	0.233209618671004	0.0966007346547169
1	1895716	1900716	1896008	1900225	0	5	1.04738095046643	0	0.738249202366932	0.222012053459849	0.689370510204777	0.312925277644589	0.362200658253786	0.0324764301342859	0.869000927212694	0.452469790018962	0.682485604526819
1	1898216	1903216	1900225	1902818	0	1	1.34620620804179	0	0.974042565056775	0.0371076530929726	0.294816918940035	0.284544783006502	0.974799714541036	0.823511552373592	0.742726260098287	0.996021241386469	0.920705261920918
1	1898216	1908216	1900225	1907555	0	2	4.73754309564332	0	0.977264859078175	0.000690678294303027	1.25347394646091e-05	0.895539635919687	0.00810052864722999	0.68494927006671	0.999537658970154	0.953847672561552	0.905310151602434
1	1900716	1905716	1902688	1905526	0	1	0.12461968963009	0	0.971604310429464	0.725284368839378	0.966335662407827	0.971380319355492	0.952558509271104	0.81977323277749	0.997529598688114	0.789036865246859	0.631527519686756
1	1902216	1903216	1902688	1902818	0	1	0.436252479711378	0	0.875289381305958	0.356193687162282	0.951274724589393	0.972609926951213	0.973461361190771	0.976124300474452	0.640355153364945	0.944886116843876	0.761014218216119
1	1903216	1908216	1905367	1907555	0	2	8.41567897261567	0	0.793169931946515	2.26687876148102e-06	7.14143633118169e-10	0.978243458544845	1.67434440985215e-05	0.185979271092293	0.690343109384502	0.688807103221042	0.882830242986334
1	1903216	1913216	1905367	1910501	0	2	7.76562373342734	0	0.691509497789109	2.28844751548607e-05	1.18624505773823e-08	0.974709856545758	0.000123042412235264	0.859307875139547	0.584610091232033	0.640815110392677	0.79289768274115
1	1904716	1905716	1905367	1905526	0	5	0.456995838918946	0	0.509753129570587	0.936253495657873	0.960347596981693	0.876995834208227	0.791992974284388	0.306197535967873	0.60440158258086	0.482983706121848	0.438754524678993
1	1905716	1910716	1907555	1910501	0	2	8.89422289036476	0	0.656342245641838	2.69563027233133e-06	8.37350855320551e-10	0.937343937427141	1.72149872872396e-05	0.881316515818583	0.250451661005861	0.587613856435115	0.87042735324895
1	1908216	1913216	1908383	1910501	0	3	0.59400963274742	0	0.264963274406804	0.777785449760522	0.772609835514331	0.196766245886121	0.304304180995257	0.980203540241764	0.168155966198891	0.375609460377252	0.326819711648581
1	1908216	1918216	1908383	1914441	0	3	0.547360583723498	0	0.425670244199449	0.887478559815237	0.878829101507348	0.249197594615144	0.420319824697813	0.977540406504707	0.442153084848156	0.469537340151354	0.369714145048079
1	1918216	1928216	1926311	1926791	0	4	3.86276272969845	0	0.107088173874722	1.27285102797803e-05	0.0734066144089718	0.00262703404042919	3.60332114812678e-07	9.76420752818452e-06	0.396110458224137	0.0906759264795056	0.0650524740895269
1	1923216	1933216	1926311	1931842	0	4	3.37526237303739	0	0.186277795394187	8.48611088847262e-05	0.287165836657833	0.00640650827223588	2.69997049473503e-06	5.79074751745345e-05	0.17712322799708	0.235408110055108	0.159666787617922
1	1925716	1930716	1926311	1930509	0	4	3.84160870129911	0	0.165727977029307	3.12968588924711e-05	0.176777879089125	0.00571920731669739	8.23620482259813e-07	2.14924471103606e-05	0.363065915438816	0.160695453857409	0.103599109157088
1	1928216	1933216	1930509	1931842	0	3	0.273289198523537	0	0.529278111123623	0.906757583916151	0.595336895570183	0.317302577490795	0.930050659501089	0.530916436260007	0.287426745665084	0.731152874881353	0.555872545104739
1	1928216	1938216	1930509	1935241	0	3	0.513485086705539	0	0.3849662213894	0.930975993777297	0.790962236824529	0.24247706278464	0.970691801092758	0.701370209519249	0.163019341114832	0.677602066745569	0.506601810067786
1	1930716	1935716	1931333	1935241	0	3	0.769864072213713	0	0.323596988615838	0.849429646894842	0.543612600806571	0.13665017000333	0.97012131149968	0.80440405005505	0.166128934921437	0.53418752986491	0.429362392205119
1	1931216	1932216	1931333	1931842	0	3	0.473171394946356	0	0.418194386203327	0.764400701033672	0.325557065356683	0.188802432909151	0.831814619178081	0.561279242547897	0.290820169680531	0.530788274646668	0.463899668455435
1	1933216	1943216	1935241	1939781	0	3	1.2017231527904	0	0.565890173008501	0.964794317449267	0.081745297423073	0.0606333528393415	0.978642943475666	0.969218746502951	0.775292423065311	0.48391661134946	0.354348674487022
1	1935716	1940716	1938678	1939781	0	3	1.36191744132346	0	0.322397636859301	0.757506470317439	0.0571236711130574	0.0329206881975339	0.980309108288145	0.891737074100083	0.219963075175232	0.452879398497471	0.348844234024902
1	1938216	1948216	1938678	1945384	0	1	2.90971871328285	0	0.369558040377873	1.22313603689861e-10	9.84172925377891e-08	9.93558573192388e-08	8.72666222617724e-08	1.31651699252222e-05	0.437344958198535	0.37674107338032	0.30647194111547
1	1940716	1945716	1944246	1945384	0	1	3.01570765595627	0	0.962336987064351	1.23614229963209e-10	8.66085843043152e-08	7.08490518475102e-08	1.28166971924415e-07	5.80916313053237e-06	0.988141409464348	0.289849776246849	0.281924668097428
1	1943216	1953216	1944246	1949596	0	1	1.77969334902538	0	0.391363022010154	9.19961884449094e-11	4.23368251567524e-09	3.87683174452036e-09	5.53940582292967e-09	6.89506240136861e-06	0.644701039228176	0.296700053485623	0.282945099936376
1	1944716	1945716	1945380	1945384	0	1	4.39194237267799	0	0.247288199371667	2.45882193170579e-26	2.87020257879888e-22	3.88438869677572e-22	6.06274707656595e-22	9.54791801177635e-15	0.169982363601877	0.327344315152229	0.293600414600717
1	1948216	1958216	1949596	1957112	0	0	0.0918505096844307	0.0918505096844307	0.674908727230064	0.851354671550357	0.83386463180013	0.787380735446304	0.857466029866172	0.734939698109195	0.268220480050414	0.625594641687543	0.870078047855852
1	1953216	1958216	1955763	1957112	0	3	0.0729902081257851	0	0.818049962044115	0.730843815650845	0.66465276334628	0.617780745198792	0.840038213574538	0.706774465801908	0.528033886999291	0.696316779024435	0.919440846961893
1	1958216	1968216	1963434	1966310	0	0	1.88368436287474	1.88368436287474	0.0126867025386628	0.972540452859395	0.855248542932472	0.970583982923395	0.967421356816173	0.97806801064742	0.0050714550196773	0.0325148108608853	0.112334879590217
1	1960716	1965716	1963434	1965241	0	0	1.08716845507529	1.08716845507529	0.0794785010495449	0.969540672016706	0.9796325089322	0.97144478874735	0.968366252548064	0.980061799199541	0.0428837604881919	0.123805702579075	0.151064980841449
1	1963216	1973216	1963434	1972491	0	4	2.76965184068896	0	0.0283072355961607	0.0701332384825085	0.223372827262761	0.033610824443026	0.000119198846501911	0.0803463980399686	0.0242588821097807	0.0174213061757093	0.130725788680934
1	1965216	1966216	1965241	1965717	0	0	0.336746174947207	0.336746174947207	0.446874418468898	0.901010122434347	0.970685322894589	0.970357281065218	0.897016441259269	0.980169942630212	0.258740440291715	0.320166283436375	0.761503912034931
1	1965716	1966716	1965717	1966310	0	2	1.42267781845921	0	0.0545716509588384	0.975939542883267	0.0366572942235275	0.970426034687484	0.969706065433556	0.970148516219316	0.0553619061059362	0.0388531768449671	0.088985437805023
1	1965716	1970716	1965717	1970463	0	4	3.40016600220027	0	0.032355369478924	0.177476362673984	0.902798314794569	0.00642756723122839	1.287598201416e-05	0.0190784445103787	0.19563922457326	0.0129079390835476	0.0923691752757529
1	1967716	1968716	1968257	1968387	0	4	4.222335788704	0	0.0807526446450673	0.0178255830714176	0.191415378612309	0.000314906430570083	1.0683362277053e-06	0.00107393200626071	0.0679640046485735	0.074262801303404	0.111007944116452
1	1968216	1969216	1968257	1968858	0	4	4.48492405813232	0	0.0726937059245731	0.0284354825016078	0.27652428261036	0.000503998765947866	9.30971838064565e-07	0.00172013818961225	0.616103376520317	0.0341420522141807	0.0779475697016385
1	1968216	1973216	1968257	1972491	0	4	3.92835207063237	0	0.160796183857711	0.033080080835741	0.160261672012077	0.00298432310269603	3.90134620720239e-06	0.00763034586128475	0.594893483455649	0.0837077963710784	0.146477155809919
1	1970716	1975716	1971847	1972491	0	2	0.827399075693498	0	0.665228713374383	0.102751306645939	0.0829594058865693	0.557525465378525	0.594728813262861	0.145018493876343	0.520146542644916	0.770825733258217	0.650227090499093
1	1973216	1983216	1978355	1983202	0	0	0.554827927354602	0.554827927354602	0.259498249926	0.965834392363274	0.976729757073113	0.599949343145643	0.825613451978441	0.931027181860234	0.339981032009532	0.173069629497851	0.322884570954551
1	1975716	1980716	1978355	1979933	0	0	0.564768502638921	0.564768502638921	0.244441917397941	0.924716654907296	0.963169670655228	0.659877502269795	0.897313464001528	0.852680179317045	0.465003492592907	0.165474311677319	0.21488631125238
1	1977716	1978716	1978355	1978443	0	0	0.513254543850811	0.513254543850811	0.245311524031737	0.799783600004474	0.763903443149767	0.626323218233794	0.813667734911598	0.929089020629045	0.696441474094779	0.142131026102545	0.168389190139754
1	1978216	1988216	1978355	1986054	0	4	4.55338158431739	0	0.626859441380745	0.0208800776266529	0.0224055748854686	0.961055134516097	1.75302692692059e-05	0.8512392908077	0.419158849179296	0.222544348999099	0.887556637773857
1	1980716	1985716	1981125	1985323	0	4	0.324721219732346	0	0.837371119697751	0.953473830771497	0.977014928942311	0.953728217611854	0.451427028340965	0.887555924801406	0.314167201892343	0.450283349979541	0.948854008201194
1	1982216	1983216	1982351	1983202	0	4	0.484457608446474	0	0.662750710017737	0.757901103280272	0.986399834816013	0.853843816355623	0.248401909971864	0.433639552598151	0.578647322638597	0.636374584281231	0.745844986902862
1	1982716	1983716	1983202	1983613	0	4	0.37233690920001	0	0.415750251117742	0.976760111779536	0.980695926701878	0.97241840739626	0.412587686050374	0.611448802248779	0.6732669638421	0.306534589871902	0.300777998035996
1	1983216	1988216	1983613	1986054	0	4	6.62994411887057	0	0.928276137558053	0.000371778739439943	0.000353719323571755	0.823430187081568	1.81864758364014e-07	0.775697994797472	0.922753681516421	0.397996168479672	0.966193716755417
1	1983216	1993216	1983613	1992833	0	4	5.16261722679745	0	0.896401424414467	6.09853246591463e-06	0.00621982516460207	0.774100440172367	4.09599563888641e-06	0.595630203926352	0.584742563785851	0.877547649929949	0.948668075740058
1	1985216	1986216	1985323	1986054	0	4	8.01315636677515	0	0.933155486054258	6.7179208097401e-05	6.49029293717796e-05	0.81765858710292	7.02081015546696e-09	0.723675044555586	0.398114668293936	0.450444665598934	0.978177788281752
1	1985716	1990716	1986054	1989990	0	4	5.66461998777709	0	0.914560464896993	0.000108574645348858	0.000753655847206325	0.704718363698841	1.21362099936295e-06	0.560664515253482	0.937032980260009	0.664194335455608	0.941190623868145
1	1988216	1989216	1988324	1988973	0	1	0.975162227857186	0	0.928224450409724	0.0982857998154012	0.873497627375381	0.781256202002928	0.970254456877242	0.969973066536607	0.421180374560459	0.52369045989353	0.976033552942036
1	1988216	1993216	1988324	1992833	0	1	2.79735433481579	0	0.922972198370378	0.00084693302044081	0.531133140453207	0.969701770074153	0.126719114407059	0.458894908793855	0.561108897645081	0.956061369754227	0.934107511299501
1	1988216	1998216	1988324	1997366	0	1	2.28737445666793	0	0.855627454859966	0.00259509761298848	0.647612410435377	0.321089814261612	0.1952064428724	0.502953870790599	0.290992390475124	0.90426941615646	0.91599802485844
1	1988716	1989716	1988973	1989242	0	1	2.25608440623256	0	0.617570727176649	0.00099628067286206	0.0695193399662413	0.17966608797081	0.0104491500429607	0.343179492069031	0.537197659185907	0.578151980067661	0.713492961754865
1	1989216	1990216	1989242	1989990	0	1	1.41068789434532	0	0.871466668680062	0.0118970196884918	0.16034942566455	0.306285244338624	0.0513791062199471	0.48345774008408	0.815510274562535	0.922507342001396	0.809586085042343
1	1990716	1991716	1990816	1991411	0	1	3.61982602582508	0	0.719770095534058	0.000125124853371572	0.837962324064579	0.521398295856055	0.301947694925772	0.274340072906299	0.731209893770005	0.740477692852679	0.68299131835374
1	1990716	1995716	1990816	1992833	0	1	3.06250040414139	0	0.853194621573286	0.000471703714356897	0.892660723702578	0.544715458346036	0.278386593574704	0.396387764686273	0.846152603785226	0.892131445620782	0.790628287473078
1	1993216	1998216	1996914	1997366	0	3	1.08100932558887	0	0.387000259991619	0.617249195382334	0.973256110106451	0.0553673264678039	0.809502635575011	0.667210509992071	0.273537371404994	0.425367593522592	0.496436371726895
1	1993216	2003216	1996914	2001096	0	3	0.937677051074271	0	0.223395040143216	0.971203683712083	0.970842407313199	0.11206543658466	0.972025087922275	0.970567153805905	0.900925321680575	0.181184525135959	0.0617006518765515
1	1995716	2000716	1996914	2000611	0	3	1.14601449189836	0	0.123629905967772	0.960207594548582	0.970362318356555	0.0686041905777681	0.969555707823833	0.953299977813358	0.810963775261495	0.106746799964895	0.0530586651861399
1	1998216	2003216	1999679	2001096	0	0	0.998711964783889	0.998711964783889	0.0973322460641332	0.97044004694431	0.969793444702545	0.970752874830385	0.970350723439011	0.972521247336856	0.529253970220503	0.122533172117537	0.0443706991076807
1	1998216	2008216	1999679	2007763	0	1	0.697376194958012	0	0.259831103221458	0.0521572808970554	0.683506051671311	0.130363355434358	0.617879452154257	0.102388828654603	0.809975710142544	0.197221984949558	0.106055920674739
1	1999216	2000216	1999679	2000135	0	0	0.415907012145323	0.415907012145323	0.372811509621671	0.969294307138529	0.975210244665876	0.971601657252316	0.971396029031207	0.969221455895918	0.269077816914399	0.497426902442134	0.386634841598714
1	1999716	2000716	2000135	2000611	0	0	1.28857617507252	1.28857617507252	0.049119718379889	0.971940662992143	0.869095830203781	0.954623328658066	0.352567610981249	0.972285724515303	0.341925031940731	0.0442815519224641	0.0273669400445929
1	2000216	2001216	2000364	2001096	0	0	0.0132088277636224	0.0132088277636224	0.941739576375442	0.972618527757673	0.967938692590459	0.971825526148818	0.965746158068226	0.970822090035067	0.99638693844173	0.0783112411913128	0.0273004426373593
1	2000716	2005716	2001096	2005424	0	5	1.36357220495365	0	0.635020154224559	0.939790119122632	0.800725615805344	0.79497533118327	0.4341734261221	0.0344176685054802	0.206683197994853	0.604032174648398	0.871107750463342
1	2003216	2008216	2003698	2007763	0	1	2.66963664022268	0	0.644015104127339	0.00106085395135602	0.495783693487459	0.00293773814727372	0.544491079030885	0.00278107328474719	0.228835495959382	0.560668877718927	0.874706466800615
1	2003216	2013216	2003698	2012598	0	1	1.35433133305276	0	0.771008529097931	0.0288658349531226	0.652702772061014	0.0417474619759183	0.965639405566886	0.0538177162223259	0.732979212202293	0.781708841708759	0.791777065475897
1	2005716	2010716	2007763	2009921	0	1	4.78840357689697	0	0.743581308295199	1.71925479985902e-06	0.105619430729631	1.98880692623415e-05	0.0999328496339557	0.643942077556535	0.85976236588554	0.668292997742351	0.555518441940532
1	2008216	2013216	2009514	2012598	0	4	0.704052859794055	0	0.658581236060666	0.604853157005189	0.823053260571953	0.431888996940143	0.130183664762396	0.670237848351409	0.571168016033692	0.747330257234187	0.626879015723356
1	2008216	2018216	2009514	2016790	0	5	0.118452208652571	0	0.801283964619636	0.490933513257412	0.68378634499835	0.499257707657314	0.556477567660258	0.423638530974491	0.574823923494564	0.911605230002251	0.625733535584889
1	2009216	2010216	2009514	2009921	0	4	0.99442506614309	0	0.571106798243169	0.358955040448393	0.500079303829541	0.0951925333638196	0.0506540080631426	0.884925473083971	0.617312379205305	0.557222978712594	0.536010031339264
1	2010716	2011716	2011239	2011425	0	4	0.484188988890922	0	0.567802710850085	0.970546118615766	0.586935390445709	0.971479347986573	0.318293073755789	0.97474100688285	0.63334393141929	0.523876901434523	0.540663562152455
1	2010716	2015716	2011239	2012598	0	5	0.35283428940541	0	0.686088029936008	0.970264821099399	0.970691208642122	0.97159913859594	0.830481393593261	0.430582124299244	0.730784195360989	0.640678128665066	0.678074945637147
1	2013216	2018216	2016490	2016790	0	2	0.648918121900138	0	0.81402997643687	0.500082923851506	0.133297742893274	0.59393773377215	0.518510951384624	0.963514539861522	0.848705803468195	0.863321148163933	0.623816747999615
1	2013216	2023216	2016490	2021434	0	2	0.453926084855693	0	0.617677095512679	0.835583765593239	0.217187793131223	0.296657139112414	0.797640256101687	0.246163586744472	0.611525491509432	0.701726167588509	0.519781554069559
1	2015716	2016716	2016490	2016697	0	2	0.826160992075931	0	0.674674447160222	0.977629333225735	0.100677696366322	0.324344751810201	0.730365796189061	0.125392604780205	0.504789219754946	0.799611728398163	0.633612607701256
1	2015716	2020716	2016490	2020053	0	2	0.421928861156278	0	0.509689259600421	0.57923449762981	0.21924291019846	0.869207929712359	0.615667061822315	0.47138979356821	0.391926783655886	0.623156462698313	0.511804558282694
1	2018216	2023216	2020053	2021434	0	3	0.318242190698241	0	0.439253738420654	0.162683088280586	0.291375533390615	0.140026711899157	0.38272057480476	0.274136713836732	0.592973200970115	0.373154263729823	0.362965721676678
1	2018216	2028216	2020053	2025485	0	2	0.670250385906767	0	0.490772512479773	0.756496941516375	0.143546257902448	0.948078237204615	0.395637661023172	0.671803498716428	0.513420670981286	0.540508750113895	0.419887783510618
1	2020716	2025716	2021434	2025485	0	2	0.958504577866235	0	0.888516278521295	0.8847428036827	0.073812540721649	0.584615098850054	0.300646087851765	0.670864378598002	0.95631741875422	0.753547900604221	0.48374263492835
1	2023216	2028216	2023826	2025485	0	2	0.662991513344478	0	0.62056671174876	0.251573453150136	0.0897020465447294	0.412851498147408	0.154440819090653	0.763593090678682	0.706933625204438	0.661522735563393	0.461232339100649
1	2023216	2033216	2023826	2029012	0	2	0.597894311777736	0	0.735911434539011	0.326002701704068	0.131703037554182	0.521783213681569	0.182856101551397	0.815583906406543	0.695567782182954	0.797253703488756	0.691897993146539
1	2024716	2025716	2024806	2025485	0	2	0.999542500541745	0	0.950507217992875	0.570517136326351	0.0571118453678303	0.511292628300901	0.497673584233042	0.973974515723733	0.983072674957497	0.616572827025868	0.489909138335547
1	2028216	2038216	2029012	2037633	0	0	1.40904829718679	1.40904829718679	0.0153113843026532	0.392701675501251	0.853829559770575	0.972967770187611	0.298873618808547	0.313314727485086	0.0259093340716033	0.0145182530203449	0.0113023985035648
1	2030716	2035716	2033961	2035646	0	0	2.13440752047232	2.13440752047232	0.0042296668127888	0.4670523635736	0.59573000050732	0.975281097578927	0.576386337857738	0.435528037064628	0.00291875908972131	0.00545830506069711	0.00545074783732213
1	2033216	2038216	2033961	2037633	0	0	1.44825400677194	1.44825400677194	0.0113618334997386	0.318935180673289	0.831297682451176	0.952983134206797	0.243101066680245	0.254303697597948	0.0192014448446691	0.011017777979021	0.00824983773920762
1	2033216	2043216	2033961	2041751	0	0	1.19831556539403	1.19831556539403	0.0468149096525556	0.593392641618183	0.890360861410848	0.812327525843551	0.739094133265347	0.574383087113528	0.21415609579697	0.068379916868734	0.0220503488729022
1	2035716	2040716	2037633	2040445	0	4	0.325132430260432	0	0.971126882387269	0.520241952078503	0.855658008815175	0.746929696819945	0.358860307812531	0.758678637476922	0.999865709750545	0.701671440714301	0.628577654036991
1	2038216	2043216	2039879	2041751	0	4	0.775066458441401	0	0.694892402069261	0.834121305565427	0.84582887768086	0.325511551587385	0.140011192915965	0.875771817230992	0.838037573531186	0.571690300336769	0.527019409085215
1	2038216	2048216	2039879	2047763	0	4	0.908175541034315	0	0.707388338294898	0.933104033390764	0.85880487117135	0.544363016467932	0.10610087318839	0.956336191103174	0.798914037506328	0.696416366925173	0.566445138849319
1	2039216	2040216	2039879	2040007	0	3	0.664753271413093	0	0.818562321106118	0.837782813379675	0.910262186454212	0.181291806019382	0.18358144759553	0.973883967018074	0.532078581973561	0.907042693273348	0.785583804531612
1	2039716	2040716	2039879	2040445	0	4	0.930541297976582	0	0.759673840531308	0.93112489565297	0.854726025059584	0.289620374850429	0.100296465786601	0.922959801515658	0.885068072683599	0.584004928279011	0.583875380956188
1	2040716	2045716	2041751	2045573	0	0	0.358126846887577	0.358126846887577	0.418498192735662	0.824211959378699	0.954597810111356	0.955016191145364	0.973237915931974	0.528036817667316	0.27323977129624	0.511333579831662	0.513581857005074
1	2043216	2048216	2043972	2047763	0	5	0.132635580510355	0	0.78114061661745	0.91043261025594	0.959955711202825	0.912538992614305	0.952449219678904	0.672381646526043	0.873954435239948	0.722002819158817	0.62739707055958
1	2043216	2053216	2043972	2051872	0	5	2.03681737830672	0	0.811251752908198	0.881905106929717	0.604869900734566	0.310019273094679	0.7973128151392	0.00732506303341118	0.540233889171877	0.904918824780136	0.761831313565117
1	2045716	2050716	2047763	2049699	0	5	1.68174961093006	0	0.86297100736622	0.972324165274423	0.264377962958674	0.161811441048456	0.980514942305919	0.0179575297395083	0.753425761242485	0.896156260890965	0.881267672905472
1	2048216	2053216	2049699	2051872	0	5	1.4444799816475	0	0.781223261589201	0.505689016845327	0.399813401635788	0.28119826724836	0.368331208229865	0.0143673729643445	0.467813205708373	0.853987308049876	0.833283606031105
1	2048216	2058216	2049699	2058208	0	5	0.0941309609906651	0	0.974104909470789	0.752866098074772	0.929403252457545	0.900516141396271	0.939766944649296	0.748295661007053	0.761318846707315	0.991989544414821	0.920126619656413
1	2050716	2055716	2051426	2054426	0	4	0.901450393153949	0	0.970635427234636	0.77311232095809	0.976108700979777	0.828561764583088	0.121491752218752	0.968271588786385	0.482020296140012	1	0.686470934879678
1	2051216	2052216	2051426	2051872	0	4	0.959404762043848	0	0.574702844468849	0.289579840342421	0.932095805160445	0.749724608441495	0.0631013403976435	0.325206228861867	0.418823436423751	0.692794220077755	0.588512378015242
1	2053216	2058216	2054426	2058208	0	1	0.181538915943552	0	0.972556566303579	0.639483467017813	0.971333208289013	0.971006368200727	0.937065245311645	0.973903697793267	0.977120957049475	0.980262423195301	0.933473583622061
1	2053216	2063216	2054426	2062727	0	1	0.411767111551194	0	0.944215669156792	0.365850869614986	0.910641880676499	0.971309795583758	0.970738224295671	0.71705968968224	0.834498858654275	0.974044991824325	0.896266263196714
1	2055716	2056716	2055893	2056225	0	2	0.274295674703751	0	0.983312148479832	0.974899378022557	0.51839895644129	0.969169646929687	0.972202592315114	0.981266533203708	0.959767368200002	1	0.981810433698042
1	2055716	2060716	2055893	2060041	0	1	0.0823195259493387	0	0.969598516612657	0.802181083359095	0.972102361882141	0.970731239168975	0.94069847593606	0.967936661428888	0.916060132084356	0.986364348688601	0.926965368175094
1	2056216	2057216	2056225	2056718	0	1	0.383551791369649	0	0.767858841726224	0.317489668999737	0.972898513183249	0.327771800020168	0.373580680217269	0.980727012995972	0.592769310502676	0.797848464540511	0.830751425354142
1	2056716	2057716	2056718	2057606	0	4	0.447492547679757	0	0.613310987284545	0.23240848681751	0.966562486573905	0.70445195604854	0.224462076819555	0.628978100408593	0.563193972992091	0.735945913438773	0.499647822648759
1	2057216	2058216	2057260	2058208	0	1	0.203612180120568	0	0.717337562485627	0.449492377626861	0.711343220883286	0.917274120674131	0.85817956597477	0.718347379148066	0.770163403785963	0.755436717817173	0.583832484427983
1	2057716	2058716	2057782	2058208	0	2	0.390507707762493	0	0.598500745369857	0.638231910420451	0.390358156792438	0.95933649555204	0.979028748099932	0.9771868118693	0.444027562192801	0.638844930426225	0.688054007396052
1	2058216	2063216	2059083	2062727	0	1	0.913508029643027	0	0.688786966272087	0.0840575815951261	0.508146927263795	0.939177289112696	0.970935598805302	0.0924704460654594	0.76974383029888	0.702729087740216	0.547382249179993
1	2058216	2068216	2059083	2065981	0	5	1.61573460701089	0	0.466928834276667	0.114386011699138	0.942102052954129	0.901185689966633	0.970899980762835	0.0218313041340549	0.200811213895005	0.367157957107811	0.81279348459517
1	2060716	2061716	2061209	2061514	0	5	0.827773114996142	0	0.82327019460588	0.337182919273937	0.316549946555337	0.94636915125515	0.906249178019098	0.122396578508852	0.94172993395871	0.453326254898136	0.37411996829687
1	2060716	2065716	2061209	2064900	0	5	1.18591459859786	0	0.277958843126852	0.200317354253311	0.923313813332781	0.66537734860943	0.9711117151172	0.0433664042164674	0.113702559295207	0.19822362531846	0.818334208950356
1	2062716	2063716	2062727	2063274	0	2	0.795403365841217	0	0.403624374011465	0.491729769035811	0.14812742267535	0.96975024186986	0.970988296930035	0.924780859200932	0.303526928271821	0.519765075419652	0.410284701981803
1	2063216	2068216	2063274	2065981	0	0	0.147465922682945	0.147465922682945	0.334249387147638	0.644000474779075	0.428448646680673	0.469392928233823	0.97253044789948	0.455489477323516	0.113358648053762	0.134775226725797	0.903208877483259
1	2063216	2073216	2063274	2072735	0	0	0.335676507671252	0.335676507671252	0.406510953058533	0.936490715025559	0.946195792949633	0.727094775184313	0.880539331152939	0.727861660510925	0.194972139424627	0.205483434133371	0.841787291076325
1	2064216	2065216	2064352	2064900	0	5	0.486666683514374	0	0.119023639698883	0.319937264829251	0.478039442654146	0.276916764809842	0.971562688167229	0.104327342328139	0.0590630917388927	0.0411180248902847	0.941502411636325
1	2065716	2070716	2065981	2070520	0	0	0.223293969680861	0.223293969680861	0.580886724329315	0.971371642473061	0.974361892998782	0.971533503847727	0.970885026889979	0.969975957322382	0.416572563398738	0.584883801544808	0.709720278560533
1	2068216	2073216	2070520	2072735	0	4	0.265111819985258	0	0.970325712389124	0.972274757975013	0.973829611038281	0.961849921930545	0.526994059629491	0.853670790831112	0.995646773023525	0.56712947569853	0.516696664761068
1	2068216	2078216	2070520	2078061	0	4	0.908663560839914	0	0.661041297146313	0.971225757218738	0.978018468039275	0.960332568301416	0.118510845553762	0.758303365702336	0.474096648514439	0.821877791244413	0.546501536860772
1	2070716	2075716	2071483	2074409	0	4	0.259960295261056	0	0.798001774325793	0.972437439829621	0.978582512876975	0.956477138112687	0.525671338841184	0.852387752463696	0.904936160080107	0.678799323117883	0.562076125204283
1	2073216	2078216	2074409	2078061	0	4	1.05952170130191	0	0.609025618651497	0.91641983182564	0.972630209014149	0.964227919335137	0.0799047832340962	0.448343441512622	0.350402480498189	0.795457110825279	0.575509388828097
1	2073216	2083216	2074409	2082478	0	4	0.711785863344292	0	0.540111801622932	0.890309154434165	0.745260744648239	0.979642742961086	0.16380272997073	0.843542559125958	0.269596119041625	0.774724410933641	0.530191828039197
1	2075716	2080716	2076079	2078804	0	4	1.07400471851079	0	0.347627215058976	0.827318556886952	0.488199450223818	0.97285448842588	0.0563422654132773	0.668096233954272	0.195903534685528	0.527877224497067	0.427934049402434
1	2078216	2083216	2078804	2082478	0	2	0.479992289673735	0	0.49847333065753	0.473215189872369	0.165062963459193	0.970433159169738	0.33320376323446	0.590692662505727	0.553230677510829	0.481439378026055	0.460473565004901
1	2078216	2088216	2078804	2086972	0	2	1.02666499838789	0	0.494263242756031	0.648809416932335	0.061025481745316	0.971237225713242	0.648897670217181	0.788564944482202	0.414135196681737	0.580866703100213	0.488150714989614
1	2083216	2093216	2086972	2092669	0	0	0.463049534882587	0.463049534882587	0.230523665717602	0.971679732016284	0.508992917122451	0.669522307843613	0.767886172121802	0.561378996559089	0.182328504444602	0.0810805958855432	0.852388347506339
1	2085716	2090716	2086972	2089428	0	2	0.452097032278115	0	0.934309005540043	0.977920347103602	0.265379035876974	0.661540068809864	0.751559976623686	0.501844239047555	0.896430203267079	0.933804563918752	0.952323538434725
1	2088216	2093216	2088967	2092669	0	0	0.6374877724633	0.6374877724633	0.133818179978683	0.977713493134616	0.739533937672462	0.474678915342829	0.580768284001533	0.402979325275932	0.0737554996595093	0.0617207411056311	0.883944327761554
1	2088216	2098216	2088967	2097286	0	1	3.37744422850947	0	0.396885552633671	0.000107104734451413	0.892773646204643	0.255418821828578	0.0122580635047509	0.195637379002161	0.415410641737797	0.112199522921167	0.851351634209759
1	2088716	2089716	2088967	2089428	0	5	0.326417741197328	0	0.977817438448029	0.980839590295451	0.739614314601203	0.457058455047812	0.462207049743367	0.348808907363062	0.789822298378179	1	0.967861797613331
1	2090716	2095716	2092669	2094560	0	0	0.889752926789162	0.889752926789162	0.0734916334819651	0.339072098795882	0.789340724301851	0.570152229935973	0.465058987996262	0.706903981336518	0.358306397415642	0.0410680386162008	0.0684667626301725
1	2093216	2098216	2093985	2097286	0	1	3.93433143557781	0	0.607703865200837	1.26985534437685e-05	0.913323046685584	0.109165569981848	0.00250854108944987	0.070030091494052	0.538473403124994	0.375482777245558	0.796684843642607
1	2093216	2103216	2093985	2100730	0	1	3.642846550398	0	0.637574241124445	2.45332352666328e-05	0.882686885359479	0.107795684348845	0.00551162099011704	0.000112119863332372	0.494518545338307	0.537764715720781	0.789123558685184
1	2093716	2094716	2093985	2094560	0	1	0.690767652093164	0	0.299475604062581	0.130923532977208	0.970315109396198	0.541368263699014	0.642370174600042	0.677783237454586	0.48275235409066	0.220138495305217	0.262356378338878
1	2098216	2108216	2100730	2107997	0	4	40.4632778154598	0	0.704664533672397	2.02745054633952e-34	2.04775085776987e-11	8.07182964527837e-23	3.798456150604e-62	1.10378613061744e-21	0.64987590073553	0.795747900762471	0.621139839075387
1	2100716	2105716	2100730	2105427	0	4	38.2703849933761	0	0.977286608272778	5.4723862266189e-33	5.00693930760576e-11	5.06512708332873e-22	3.12502184045022e-59	5.82422374100822e-21	0.965609527266466	1	0.738625716034131
1	2103216	2108216	2105427	2107997	0	4	88.0319436586267	0	0.463728788762509	7.97665935351404e-67	1.20338685710581e-21	3.03033320539174e-43	4.42809593276489e-121	4.76607288764997e-33	0.328725828794953	0.561959821357818	0.517911453269401
1	2103216	2113216	2105427	2112045	0	4	30.3800527164996	0	0.749293589975193	6.59463781954604e-25	2.26841526562716e-07	8.88178419700125e-16	2.69133014853406e-42	6.45683506661499e-12	0.860578883354127	0.681952437189088	0.565362530294982
1	2105716	2110716	2107997	2110261	0	2	1.23616426493571	0	0.46789299360448	0.970317468413142	0.0438322627170966	0.130100523158487	0.755019477462093	0.971442427839103	0.711394331012992	0.359747327970702	0.324533816494242
1	2108216	2113216	2110261	2112045	0	1	1.21430442013568	0	0.646204467510996	0.031536964542034	0.516564206475169	0.207403987595886	0.418992177476377	0.687614015442442	0.722262161975958	0.602864120753827	0.595562857863538
1	2108216	2118216	2110261	2117559	0	1	4.80876813295334	0	0.595238488218339	1.94812816989298e-08	9.56772516991222e-07	2.82020956920981e-07	0.00430717844236206	0.00125425447509619	0.430917662365544	0.749613827615111	0.546865789905427
1	2110216	2111216	2110261	2111153	0	1	1.2132527373373	0	0.523576971448869	0.0235579095560153	0.483563562240714	0.14888950049608	0.333756538837608	0.384936849419352	0.532388664989704	0.473657797957895	0.563890103466104
1	2110716	2115716	2111153	2115268	0	1	4.64032437411449	0	0.40149244944255	7.37526639760233e-09	3.8578403360745e-07	2.56645039220516e-07	0.00212289644585739	0.000322182602974674	0.179781137749028	0.663625069986415	0.517246467584803
1	2113216	2118216	2113776	2117559	0	1	3.4015807250866	0	0.420298220360831	3.10010204951361e-07	4.71560688275474e-07	5.78031522091571e-07	0.00301697091610709	0.000781549906223367	0.198786382176915	0.660677766880449	0.521507621538278
1	2114716	2115716	2115222	2115268	0	1	10.0167380936162	0	0.202072476094544	2.46041470235131e-20	2.25421343091241e-19	1.45212423632231e-19	3.27666170862884e-07	2.55709231566925e-10	0.168007828192354	0.186155497244762	0.27623096861151
1	2115716	2120716	2116510	2117559	0	4	0.991739856912148	0	0.748454326121589	0.973970535328949	0.893610682990825	0.956771557402733	0.0910769535012033	0.565036986894083	0.650427599385217	0.846880059733113	0.658549592887014
1	2116716	2117716	2117246	2117559	0	4	1.12753272087213	0	0.954093668702145	0.957334280318031	0.880703243850895	0.763580683247461	0.065659394752345	0.366535840955041	0.981384371240318	0.886985572214781	0.729803786338034
1	2118216	2128216	2123649	2125543	0	4	0.970847258559382	0	0.281038934527969	0.97342802934621	0.85780414000001	0.773440720201711	0.0827141430348228	0.671823625298969	0.693882625715424	0.20242781449155	0.160785113776816
1	2123216	2133216	2123649	2132648	0	0	0.482800346048298	0.482800346048298	0.292318534468192	0.82501306560877	0.957193136439029	0.970499573283463	0.653619617196475	0.888498499569323	0.553673626039458	0.271133577523023	0.178962113226035
1	2125716	2130716	2128926	2129498	0	2	0.241363756228164	0	0.859443196655534	0.838299489608417	0.446942930065746	0.716065427985993	0.611504590381195	0.779140586693846	0.921444097769931	0.837783964919053	0.669125407178266
1	2128216	2133216	2128926	2132648	0	0	0.487059776275556	0.487059776275556	0.279925605159535	0.77572235564914	0.859216091679226	0.904227104874591	0.915413398875368	0.82074841279129	0.391049700995608	0.32149914340334	0.187298046449671
1	2128216	2138216	2128926	2135885	0	5	3.18160571478404	0	0.483353535094362	0.345934544572583	0.19653091394014	0.788176427738618	0.437930893439021	0.000288270278979264	0.51572598831789	0.52864398259597	0.408188433947108
1	2130716	2135716	2131081	2135359	0	0	0.415567409946488	0.415567409946488	0.371354201537993	0.971947513719066	0.899042045571571	0.966842542770862	0.97393698208794	0.964919160732027	0.55465738357999	0.330965472587149	0.272238333030532
1	2131716	2132716	2132053	2132648	0	0	1.04689609757668	1.04689609757668	0.0837674420843813	0.973360558997133	0.933192740443188	0.669705513246367	0.97530421951417	0.911940588828172	0.175532789500098	0.0768474126408825	0.057780247219192
1	2133216	2138216	2134488	2135885	0	5	5.49388686567181	0	0.887541062639379	0.0140940235876086	0.0567223965383428	0.668805208228954	0.0117242269269424	1.81914662888971e-07	0.896134068452584	0.910772486716425	0.831281318470404
1	2133216	2143216	2134488	2141602	0	5	3.40788579698099	0	0.75488963376178	0.77140260133968	0.962348276754118	0.974504799049359	0.404592101657546	0.000301574976108165	0.656340604637243	0.844007778063281	0.691003389105888
1	2135216	2136216	2135359	2135885	0	5	7.20588225468389	0	0.972545065456369	0.00424212168455407	0.0697243017977456	0.655226018212393	0.00407990944398418	4.3401218174921e-09	0.761957837615289	0.989772030607369	0.879166328220188
1	2135716	2140716	2135885	2140073	0	5	6.2372128728492	0	0.708499266898051	0.00673599324997742	0.116328161371741	0.945405823481923	0.00576246623341192	6.73708444587362e-08	0.764210012145619	0.714545976417537	0.624434444088899
1	2138216	2143216	2140073	2141602	0	0	0.199192767764577	0.199192767764577	0.584581875124496	0.941161614089319	0.646852134914874	0.913920775307374	0.961987012184863	0.924779329168862	0.64791205153281	0.620491121155423	0.473788874875641
1	2138216	2148216	2140073	2146189	0	5	0.158364528489843	0	0.918694214384534	0.948730074492425	0.878418034411588	0.976259641417339	0.936523659084383	0.650360602612235	0.883290778919465	0.938370212352232	0.917763276791553
1	2140216	2141216	2140867	2141008	0	0	0.201884597262236	0.201884597262236	0.527375509686852	0.915537901303732	0.603120153706793	0.755212638328521	0.940996448880443	0.839468791787796	0.614235383557627	0.47722559104874	0.485746215249677
1	2140716	2141716	2140867	2141602	0	2	0.108000643998591	0	0.718880304736721	0.957017886851546	0.666749554350135	0.720797177396023	0.975294509680873	0.854994612353151	0.877966740566676	0.532961575097853	0.462249869492161
1	2140716	2145716	2140867	2145028	0	3	0.0369346119002115	0	0.951116922561923	0.881110897526457	0.899372118879276	0.809274694887821	0.877136284769459	0.853914542058002	0.982331713372212	0.772433180387176	0.572524724072227
1	2143216	2148216	2144992	2146189	0	5	0.591091629208464	0	0.955472668247389	0.53353112431792	0.890234467797227	0.830780895349288	0.634214203315357	0.213007488472955	0.820335646003307	0.975276577140264	0.954039267149097
1	2143216	2153216	2144992	2153185	0	2	5.86933897568318	0	0.945488589096587	0.611951480311254	8.26757253769017e-07	0.947625489786957	0.00247673724094954	0.518987947480317	0.969258232343141	0.722536065465817	0.948964618276606
1	2144216	2145216	2144992	2145028	0	5	0.480348455604017	0	0.795526272422375	0.658174075679746	0.940746598073712	0.761433258062248	0.296653880378126	0.251932030230543	0.828850379676922	0.819835918337815	0.706538229827165
1	2145216	2146216	2146108	2146189	0	5	0.997199688331858	0	0.959527851835163	0.523594180981115	0.722384007468128	0.703268692034477	0.9417884234137	0.0727056956989142	0.91612772239565	0.963997647729749	0.971029139830588
1	2148216	2153216	2151525	2153185	0	2	7.1321389124073	0	0.857216435142163	0.354913459519241	2.61808388302143e-08	0.137059643652008	0.000325764772634685	0.782832969717707	0.795993238251297	0.328720550657102	0.94264390314176
1	2148216	2158216	2151525	2157561	0	2	8.9719631148263	0	0.909499364662889	0.000148940558623245	1.5887291482386e-13	0.143032191659461	3.30938037442774e-05	6.37671931702499e-07	0.945978939186805	0.693420098028531	0.91672316908159
1	2150716	2155716	2151525	2154939	0	2	5.05400932686007	0	0.846067278269451	0.635076120186976	5.60810912930698e-06	0.112186633694256	0.00481103340374156	0.712382442299764	0.778658376389651	0.475259382051102	0.931742320294136
1	2151216	2152216	2151525	2151908	0	0	0.428830450208592	0.428830450208592	0.226826729766301	0.608870147874409	0.328747942356572	0.31220562457291	0.97303014368781	0.747237768585465	0.307659932454357	0.17439703506416	0.228819950945133
1	2152216	2153216	2153054	2153185	0	2	7.45920424654349	0	0.897039182949793	0.137948186816442	4.79194417479789e-09	0.127512205051496	3.83134995554091e-05	0.796946796633912	0.252740198535704	0.506626289118923	0.967991688619429
1	2153216	2158216	2153891	2157561	0	5	5.60117514498139	0	0.840269381875745	0.000223463591976447	4.10688025587191e-07	0.169950025316648	0.00872278888118416	2.18514477623444e-08	0.729998515437261	0.883388547850027	0.851125459430712
1	2153216	2163216	2153891	2162464	0	5	4.36853455790399	0	0.834326034999688	0.000291778415124844	7.51228470541321e-07	0.00607786748856865	0.0117089811231659	2.60145710528903e-07	0.586563318139703	0.906118463000391	0.827691980436358
1	2155716	2156716	2156071	2156230	0	5	11.674863909966	0	0.972774139118399	1.63991044743739e-07	1.5324408408901e-11	0.604372675539033	0.00199552758866983	4.2188474935756e-15	0.789046154146835	1	0.844885127328069
1	2155716	2160716	2156071	2157561	0	5	7.51810701365971	0	0.972276564816936	6.8802629837883e-07	5.4088955536713e-11	0.246629732866661	0.000248088134224611	7.52486961630439e-12	0.715175328595527	1	0.833578973012463
1	2158216	2168216	2162464	2168175	0	3	2.34579985493651	0	0.855172407905167	0.946444145261447	0.791262503238077	0.00419356890021305	0.957194795586241	0.929787359841394	0.820584945960484	0.693367064542673	0.919206520254785
1	2160716	2165716	2162464	2163548	0	3	2.4887674695662	0	0.362711259973717	0.645769142354433	0.374599435672484	0.00209560689711841	0.691945332846299	0.973768288260689	0.663182757982413	0.310064887184422	0.213030833567815
1	2163216	2168216	2163548	2168175	0	3	0.283580937715179	0	0.839267720749403	0.860033123280005	0.6568460800588	0.447645517715216	0.972916674007237	0.959434882757622	0.495857016663811	0.600695167232985	0.938521584584136
1	2165716	2170716	2166690	2168175	0	5	1.08085127175698	0	0.978762439917673	0.712780753448249	0.971446499947462	0.326360833538784	0.976310744534499	0.0806431746457954	0.923906159701485	1	0.964674718378593
1	2168216	2178216	2173440	2173533	0	0	0.295974312825876	0.295974312825876	0.491760255388288	0.74145833729872	0.973641418907147	0.972137594486637	0.976999426050291	0.558473326188252	0.815555688974646	0.296983460567799	0.273053130806759
1	2173216	2183216	2173440	2179636	0	0	0.51654297103878	0.51654297103878	0.295586337408451	0.971018104324092	0.326421331212924	0.973019820779282	0.974630264317507	0.83195136545193	0.452292246110634	0.262476136970145	0.225343537991622
1	2178216	2188216	2179636	2183529	0	4	10.348375896612	0	0.720800977923159	0.520408584693418	5.20277478877063e-08	0.563360479227373	2.33328911747321e-11	0.00088147698864316	0.502830858208907	0.617330357325884	0.858502012019889
1	2183216	2193216	2183529	2191824	0	4	9.6855051954114	0	0.974206749637447	0.214199248307178	3.55115465477951e-07	0.111507781727529	2.30038210702332e-11	0.00223916331952889	0.765793677326353	1	0.922326282481797
1	2188216	2193216	2188425	2191824	0	3	1.37512476902408	0	0.973334667280612	0.161058929313311	0.684944716732452	0.0288755823136052	0.614923960643872	0.972029684173909	0.727888663054316	1	0.898761763176511
1	2188216	2198216	2188425	2196678	0	5	1.47950935739121	0	0.688541148779423	0.549317064951738	0.134504238773888	0.155044548963809	0.229640040997248	0.00761269198599812	0.36786184330638	0.814343574552211	0.740826947654726
1	2190716	2195716	2191824	2194869	0	1	0.684616532009447	0	0.769721441058754	0.145910220525741	0.228189469110045	0.70583346590358	0.971054614799616	0.449720556164772	0.532877675077505	0.690495824380637	0.883586665227595
1	2193216	2198216	2194869	2196678	0	5	2.76644319683881	0	0.407547795423757	0.86672299721411	0.0298692988481675	0.520787636842638	0.0638922624278301	0.000697807047648213	0.359300198054106	0.508984388198837	0.364957006131912
1	2193216	2203216	2194869	2203083	0	5	1.68304197189497	0	0.967610292706563	0.506088552518241	0.123391439405498	0.273350151368834	0.22986090402957	0.00567123112458479	0.999935028026062	0.172836494457781	0.288587757163013
1	2195716	2196716	2196343	2196678	0	5	8.11134490140925	0	0.399947717593101	0.475480792374077	0.000591578362506451	0.773242804006576	0.000240186071337023	3.09498338069147e-09	0.556851265044545	0.351510033258725	0.316027368465733
1	2195716	2200716	2196343	2200288	0	5	2.24691159116332	0	0.164003858142396	0.970084633429983	0.123765470598053	0.267625755091243	0.0897346235014698	0.000928843344685903	0.770629892462452	0.0690089099469631	0.154440140989825
1	2198216	2203216	2198577	2203083	0	3	1.06540417256889	0	0.186025992682936	0.479431053777914	0.683941588470541	0.0588321662990863	0.892360733359566	0.908607751200357	0.456176147742213	0.0906719193753989	0.252973642825141
1	2198216	2208216	2198577	2206964	0	3	9.61973593353181	0	0.000956882000110904	2.67563748934663e-14	1.85014665421424e-06	4.44089209850063e-16	4.05003309285057e-05	2.06817308612273e-07	0.783306030833597	0.000322768353146041	0.0244280687698866
1	2200716	2205716	2201691	2205498	0	1	6.18483999537586	0	0.00156259054084473	6.60734555957276e-09	0.0109613531710273	8.28630675187014e-09	0.928214544171172	0.0101126974917334	0.39496850135868	0.000536873544965566	0.0177867413813759
1	2201216	2202216	2201691	2201843	0	3	0.556874294946582	0	0.742412961665347	0.710999437131934	0.575557768368939	0.197239985517559	0.291951382704013	0.982804099151927	0.55913797329122	0.777132775517101	0.811400784003052
1	2202716	2203716	2203083	2203251	0	1	13.7323380766414	0	0.034119071145408	4.53837403263112e-20	2.4504077777987e-06	1.89534124009024e-19	0.931933976828094	1.38563949858561e-06	0.0180028675670587	0.0493327814369335	0.0815368995470638
1	2203216	2204216	2203251	2203994	0	1	12.3364488535515	0	0.0132186828680563	1.04732419110523e-17	2.27263655805388e-05	2.2897688082145e-17	0.983323645026413	6.83950682256462e-06	0.65545996359964	0.00579870177935782	0.0178203703758124
1	2203216	2208216	2203251	2206964	0	3	8.28065993728799	0	0.00151554207930371	5.77315972805081e-14	6.99172127749392e-07	3.66373598126302e-15	1.93722209145264e-05	1.72386236396704e-07	0.319430290342655	0.000526635621947214	0.0127112252717951
1	2203216	2213216	2203251	2211145	0	3	9.24565970934255	0	0.0032428545270291	2.57571741713036e-14	1.17279252576097e-06	6.66133814775094e-16	3.51494409054354e-05	2.96020628010041e-08	0.607965140681303	0.00112524119482227	0.0266097501293081
1	2204716	2205716	2205299	2205498	0	0	2.23289623252274	2.23289623252274	0.00568539234653653	0.971978532560029	0.970207328177959	0.97202429916665	0.969822453101269	0.974088634600891	0.273537133784946	0.00261616739420778	0.0070078637756682
1	2205716	2210716	2206964	2210178	0	3	3.18040859937	0	0.850026064258315	6.69424959909293e-10	1.7077500369389e-07	4.41868763800812e-13	4.53977966330399e-11	1.38692168860644e-10	0.59663755099076	0.840474025742494	0.917054354961681
1	2208216	2213216	2209835	2211145	0	3	0.281524753790887	0	0.869898878301508	0.959393937451889	0.679696294668304	0.45492941346211	0.687445919211987	0.973505782510198	0.645391805338288	0.852533527648177	0.9293819187636
1	2208216	2218216	2209835	2214051	0	4	0.143064816937736	0	0.921011741002165	0.946459950118857	0.821895574727714	0.764714878525567	0.5912236866041	0.70466462505544	0.942350735110165	0.890218896215009	0.91365770972368
1	2209216	2210216	2209835	2210178	0	4	0.217327959233889	0	0.851862797679532	0.907554723688953	0.566270951215064	0.520534327240231	0.516465948531539	0.972920226559894	0.642457179432722	0.742115040989461	0.931023958429889
1	2210716	2215716	2211145	2214051	0	4	0.949954848034222	0	0.80379577044511	0.812634999776752	0.674014263594055	0.555568797814211	0.0756335071443882	0.395904634974991	0.681205007654936	0.804554001912266	0.862872190461014
1	2216943	2217943	2217097	2217698	0	3	1.38686895147417	0	0.698357458260471	0.689254150069708	0.907586662362512	0.0372408130059754	0.971365127067127	0.978602000055151	0.770769967929757	0.610998802864617	0.684062462787471
1	2216943	2221943	2217097	2220324	0	3	1.41067629746674	0	0.822632266150933	0.665824741866651	0.92075282140881	0.0357657025897207	0.954032717271152	0.972648407982942	0.924987092835275	0.604907084856867	0.595159211607472
1	2216943	2226943	2217097	2226701	0	3	34.0775840470528	0	0.0215505049651454	4.84225426532157e-27	1.11022302462516e-15	1.23153065491487e-55	4.98061496315672e-41	1.4724117472696e-21	0.796057048617394	0.0223233124712503	0.0101503230048678
1	2219443	2224443	2220324	2224362	0	0	2.48547425106654	2.48547425106654	0.0027270164642339	0.833992242587028	0.205983148078411	0.447570662080792	0.971191353678495	0.92960475829848	0.078801755285147	0.00133988761319093	0.00292972049612983
1	2221943	2226943	2223035	2226701	0	3	39.9320132598133	0	0.0097550398606584	2.26891217289668e-33	6.87928595912192e-20	5.88603591630523e-67	2.62359908890051e-50	5.03310705059208e-27	0.806897306680484	0.00575652283686445	0.00723113054929525
1	2221943	2231943	2223035	2231848	0	3	27.3688578547559	0	0.0310152941625885	5.36688695323619e-35	1.42225571956954e-21	2.29543285109934e-62	4.94280697305199e-55	1.30038070404923e-43	0.626219392337189	0.0363525307395441	0.0142058324566193
1	2222943	2223943	2223035	2223672	0	0	2.68560860067543	2.68560860067543	0.00153595015926578	0.744707493670503	0.0831172278439716	0.191631694220027	0.970542337742265	0.968642130354493	0.0107072017761225	0.000849241235838294	0.00146563254397192
1	2223443	2224443	2223672	2224362	0	0	2.43536716721635	2.43536716721635	0.00152837955500451	0.416484062250571	0.112692411319209	0.270086332215661	0.973049173366964	0.867944861122503	0.00274943741446547	0.00108971891337473	0.00146737947625353
1	2223943	2224943	2224362	2224757	0	5	1.71664716555235	0	0.131633050211772	0.908483495637393	0.977006919354862	0.915650157602491	0.870946273366054	0.0174449559181804	0.105731282244993	0.132158947777954	0.171856702657674
1	2224443	2225443	2224710	2224757	0	5	1.93102299163466	0	0.0501063854518618	0.754631595709718	0.979696525797962	0.849645144031119	0.867841325442375	0.00995897375796628	0.0258380352443993	0.0808430742151213	0.110807506691001
1	2224443	2229443	2224710	2229416	0	3	28.5537742838626	0	0.191180043396652	3.01069789232219e-35	5.72713587016864e-22	8.41187663092014e-64	4.53112515574096e-55	3.62656263838398e-45	0.0447777492733139	0.425317906661312	0.895020565169106
1	2224943	2225943	2225497	2225591	0	3	0.478895626984026	0	0.241972334110247	0.277953176045701	0.1785500216672	0.0922732917568496	0.979785411489422	0.566812652276347	0.357053122160689	0.186116333373277	0.226117056622963
1	2225443	2226443	2225497	2226290	0	4	30.3630059910548	0	0.355372846559942	4.28803081785105e-36	7.3048006740467e-23	1.40820220530745e-30	3.16666687245513e-53	3.90249752069138e-07	0.356961896335146	0.335706863817696	0.374622318473588
1	2225943	2226943	2226290	2226701	0	3	46.820012768639	0	0.832915340269625	1.6741307529619e-40	3.51646275739533e-25	3.12887445628369e-78	4.16134785864644e-60	2.06728763208246e-31	0.867920140854018	0.873641486272797	0.653888437803857
1	2226443	2227443	2226644	2227082	0	5	36.9660573241938	0	0.574543620417785	2.74270760747264e-06	8.44360930389865e-05	1.37700570516358e-42	3.13771231219562e-11	2.96566564978873e-43	0.560763357183609	0.653320193275131	0.49990675853278
1	2226943	2231943	2227082	2231848	0	5	15.2533819416693	0	0.846458879835044	6.73777471393855e-06	9.47905418455797e-05	0.00427959922855414	2.49413822928091e-10	5.2891156607081e-20	0.639078125063777	0.678906083216312	0.932326325775719
1	2226943	2236943	2227082	2236651	0	5	9.23851554183781	0	0.830200277436234	0.0203885738964427	0.0471248077508695	0.296639694185358	3.46491791013426e-05	2.72103450882355e-11	0.723463371675395	0.835263580307291	0.877893699933041
1	2227943	2228943	2228486	2228738	0	2	1.05254609702482	0	0.985875416493638	0.732224903427458	0.0648781411747343	0.467441549262527	0.642715314123744	0.935603554589204	0.980037895647153	1	0.98395190650521
1	2228443	2229443	2228486	2229416	0	2	0.787323947924721	0	0.929769935486563	0.806611823749393	0.147886232627072	0.90625766634376	0.514010457873873	0.976774242395269	0.459650704438546	0.657245773440923	0.97549649965025
1	2228943	2229943	2229416	2229898	0	0	0.450917721710685	0.450917721710685	0.34424144935127	0.870025717447739	0.974081845464699	0.972256562667364	0.685552455737009	0.974870009119426	0.688265419983259	0.237285328135699	0.222982787921198
1	2229443	2230443	2229600	2229898	0	1	1.6612027090345	0	0.136171865327395	0.0211722362571295	0.971751200111867	0.970441679099783	0.972042872689889	0.970409403837798	0.0877085924888585	0.174761509203344	0.196562496741706
1	2229443	2234443	2229600	2232921	0	1	0.984626732324036	0	0.630246889291606	0.0652956092506993	0.486690505264998	0.853808953310296	0.3674119571927	0.855381300027955	0.779664685173869	0.611251074767822	0.416149363615144
1	2231443	2232443	2231848	2232145	0	4	1.37218834673803	0	0.39008954334499	0.023744228332814	0.0292437931974906	0.973664024361655	0.016556783203828	0.964321182602417	0.273105261662407	0.414765768931706	0.518972600993937
1	2231943	2232943	2232145	2232921	0	0	0.227143674367513	0.227143674367513	0.414531294677923	0.870606819315509	0.453750830483518	0.699360334995629	0.973934683412077	0.545119609983819	0.297594744424096	0.517034584762673	0.455452053884439
1	2231943	2236943	2232145	2236651	0	4	0.0234467478482699	0	0.866287431134512	0.979672303081644	0.881252625890613	0.840572792763215	0.834936940618296	0.899341194847831	0.940667803440069	0.763860448431672	0.59940403762471
1	2231943	2241943	2232145	2241903	0	0	0.111726035681082	0.111726035681082	0.750983854742307	0.973177664178215	0.971307262473714	0.97223762720028	0.968390542098713	0.970323891965062	0.737795837105178	0.85116138933403	0.535517367542538
1	2234443	2235443	2234791	2235378	0	0	0.281259425559409	0.281259425559409	0.397435554120658	0.643470969983273	0.971140424971217	0.629187362150687	0.977463710750075	0.759497137809299	0.634045553073975	0.312896987257383	0.288533141626603
1	2234443	2239443	2234791	2237752	0	0	0.0743533791124406	0.0743533791124406	0.818132767171572	0.973979394126405	0.972254761112355	0.955022588030735	0.957163946891099	0.970905957917036	0.582236699042482	0.916183922195444	0.692837733061791
1	2234943	2235943	2234995	2235513	0	4	0.336722141926082	0	0.94372103727657	0.971883876401015	0.972202064401444	0.647111533621023	0.434631795982541	0.780835796308882	0.981212994142848	0.546382211293346	0.413232077381961
1	2235943	2236943	2236614	2236651	0	3	0.285233185742542	0	0.975386181839131	0.971409496212209	0.444477142756399	0.428223068321947	0.825853939338386	0.516836802681391	0.931441468641462	1	0.870842001426035
1	2236443	2237443	2236614	2237152	0	2	0.25556154413145	0	0.903271330396074	0.976400511200058	0.501483538858847	0.615864987901268	0.936992829663323	0.684297185036671	0.719127119098638	0.955008507544956	0.832055582155131
1	2236943	2237943	2237152	2237752	0	0	0.0511009190052049	0.0511009190052049	0.866752023446669	0.978532601485552	0.974980171066914	0.924293067862284	0.974672927622236	0.980232033674098	0.79324093768793	0.929031742973182	0.752469907935809
1	2236943	2241943	2237152	2241903	0	0	0.193191424839951	0.193191424839951	0.623823536267963	0.975121176934722	0.973314472525254	0.972344767243916	0.928013611332199	0.975273574549303	0.666402104574589	0.711311620539143	0.459203322688283
1	2236943	2246943	2237152	2246076	0	4	3.49619491897081	0	0.771316510335707	0.0106294210779561	0.00845876625823794	0.0206041203289826	3.39089773893075e-06	0.000675738964903472	0.429663965947485	0.897904294095797	0.682539519375203
1	2237443	2238443	2237525	2237752	0	0	0.0903910553486257	0.0903910553486257	0.792145272743168	0.976454330802834	0.968591555283827	0.794965534271029	0.975429509695306	0.976091540470739	0.515069329153167	0.88649888876962	0.77753479318027
1	2239443	2240443	2240141	2240302	0	0	1.19554862259441	1.19554862259441	0.062047365823672	0.888976091741918	0.977192681792208	0.982407279533465	0.831291557150283	0.973356584609017	0.0330595640828292	0.0947839446153958	0.128416964127066
1	2239443	2244443	2240141	2242781	0	4	0.668172369998661	0	0.227308698608489	0.814404326902288	0.95927163421611	0.562332266730345	0.174850831686024	0.842322616914743	0.201423275011622	0.229776051384015	0.256166279143137
1	2241943	2246943	2242781	2246076	0	4	4.71659264446536	0	0.799488060759663	0.000124054925876749	9.32476103640001e-05	0.000402358756801169	2.38243669237193e-09	3.58311154646795e-06	0.490078994472733	0.875077837676535	0.83321021999202
1	2241943	2251943	2242781	2250206	0	4	4.49538579116147	0	0.844745951711625	0.000660348365501995	0.000235966492694306	0.00261320292262979	2.11050952270142e-08	2.63002446831973e-05	0.907863373320022	0.810172407713613	0.719417317857342
1	2244443	2249443	2245321	2249426	0	4	4.3955572346704	0	0.805349383306747	0.000453198746348638	0.000156880304134743	0.00429611241028516	1.82276829185923e-08	1.88060676945545e-05	0.869305955515019	0.753565035153297	0.743302519573347
1	2244943	2245943	2245321	2245767	0	4	4.46231089495361	0	0.723298069757326	6.47886483883253e-05	4.74742300664577e-05	0.000514923145203738	2.23453944236951e-09	1.99147257440302e-06	0.537190206644298	0.709500227298122	0.826057574865406
1	2245443	2246443	2245611	2246076	0	4	4.96127151725057	0	0.662182862538723	3.44009885451246e-05	1.95722505000884e-05	0.000351114516067841	3.76096598309061e-10	7.88316144806345e-07	0.499683500912725	0.649499377352403	0.774832788698831
1	2246943	2251943	2246990	2250206	0	2	1.55927241307941	0	0.439310334411148	0.884372380453364	0.024398479249635	0.978945522125179	0.873619649231328	0.975363354757655	0.4835490486878	0.431496441405187	0.404693039053853
1	2246943	2256943	2246990	2256365	0	4	0.356831920878734	0	0.792375811283748	0.797390825020686	0.917948572531658	0.94826470604868	0.403632780772548	0.943826369766686	0.63389095906302	0.705943703151555	0.888044580986806
1	2249443	2254443	2250206	2254354	0	0	0.21524542816894	0.21524542816894	0.591350862358948	0.959447904753119	0.971348036294506	0.957997724584585	0.972230324803497	0.970712590549281	0.0772549971651971	0.603616253090895	0.931673771075173
1	2251943	2256943	2252069	2256365	0	4	0.316532481392145	0	0.806663258989104	0.498058907429624	0.971121921124942	0.622314619851875	0.317361485678323	0.657789144355763	0.336988715990789	0.715786070764911	0.923369360884889
1	2251943	2261943	2252069	2260551	0	4	1.2398622962036	0	0.876443498751257	0.456104061780383	0.0559687140592931	0.95942808558374	0.0326985335126101	0.568055241862493	0.838684057734142	0.868127244018405	0.905292007206695
1	2252443	2253443	2252970	2253396	0	0	0.0300138041595316	0.0300138041595316	0.907815499940149	0.971141748286158	0.973263990581389	0.972011952859442	0.972772753115463	0.985312494589193	0.312390733656643	0.590824776125029	0.969611944810588
1	2253443	2254443	2254029	2254354	0	3	0.341119315752699	0	0.455869093417598	0.512901176142258	0.72229694657113	0.32930358837258	0.973780432981057	0.736861436600653	0.332491271989172	0.33672032887822	0.699787349200972
1	2253943	2254943	2254029	2254693	0	3	0.823410058204194	0	0.734646705792959	0.90169070960456	0.878519754538234	0.135409001871614	0.931821560353064	0.962714955389666	0.767893751656467	0.550814254350262	0.807145730686626
1	2254443	2255443	2254636	2254693	0	3	0.998817792622118	0	0.750259833118799	0.576862136834266	0.538462142812908	0.0578434571559823	0.538621750239068	0.90554363548764	0.523213874618396	0.708964394508958	0.862063209047452
1	2254443	2259443	2254636	2259288	0	2	2.15915890453729	0	0.6506095740903	0.00112066161428781	0.000181080567948966	0.0916973153342331	0.000428634572302133	0.0261234632875813	0.212413138181511	0.845510148271376	0.734840265761274
1	2256943	2261943	2257414	2260551	0	2	2.7117809940401	0	0.756779504548254	0.0878904482426071	0.000260729096770551	0.134267373725044	0.00132656598209513	0.965991798921089	0.28079870934062	0.861658760998809	0.838545774699166
1	2256943	2266943	2257414	2266552	0	2	1.22449110037882	0	0.0897290946530609	0.400065493310854	0.00797790804061238	0.8565365294973	0.0456861812096131	0.133776591508423	0.469088296816695	0.0650345347118714	0.0579150587488534
1	2258943	2259943	2259288	2259712	0	2	4.69349753353872	0	0.626825861107536	0.00297343162949781	1.21340314767071e-05	0.243843811006853	0.73914049614492	0.599104595274506	0.463032047070516	0.753501193121607	0.609223456519016
1	2259443	2260443	2259712	2260221	0	3	0.0342470344652658	0	0.909458987038879	0.970694690466473	0.96986837091122	0.897089182205798	0.971557009557595	0.971902238843609	0.761430510586644	0.933975196254058	0.929403447070809
1	2259443	2264443	2259712	2263243	0	5	0.863711700970056	0	0.822750499214716	0.960380119483207	0.967704256668793	0.427129050651884	0.175027937488174	0.112604683309644	0.751589231030308	0.862511192008333	0.825651771976621
1	2259943	2260943	2260221	2260551	0	4	1.46367470383096	0	0.832453262952988	0.958261037477152	0.174522776021905	0.170798829332287	0.0254781244330752	0.741040865317047	0.57284497626576	0.702616830286246	0.925443641262524
1	2261943	2262943	2262103	2262663	0	5	1.20795807362637	0	0.529189586426478	0.54223724857318	0.620919283668774	0.302833635018611	0.794985840153263	0.0335916451690314	0.552655282501359	0.479746969081904	0.55441813061094
1	2261943	2266943	2262103	2266552	0	0	1.36623980610306	1.36623980610306	0.0282687716579774	0.656971823774681	0.297608562032668	0.67694923139661	0.712197900608657	0.0613842899914437	0.058614443657056	0.0229535011072077	0.0219495168172947
1	2261943	2271943	2262103	2271780	0	0	1.21407887293219	1.21407887293219	0.0387329336287606	0.904934060991713	0.429184526362671	0.942787244711772	0.634102206752995	0.104001535520945	0.0239103823525703	0.0612558048432079	0.0516160630310643
1	2262443	2263443	2262663	2263243	0	2	0.540741717695454	0	0.856255104092022	0.722748463337724	0.137653329149888	0.453365891718077	0.478110671122006	0.140382824394102	0.625155687382446	0.93606014495552	0.72598690472504
1	2264443	2269443	2266552	2268819	0	0	1.79075444266995	1.79075444266995	0.0137100904365327	0.541346892162525	0.846827128170729	0.973893551333319	0.797703045136626	0.946802526376757	0.010355728959766	0.014825546800857	0.0182453606204014
1	2266443	2267443	2266552	2267117	0	0	1.65600720140924	1.65600720140924	0.0170686467987684	0.470910597832451	0.75420257249883	0.922629656187876	0.773047701199779	0.883191643313853	0.046740873092316	0.0148711173319291	0.0114686753347828
1	2266943	2267943	2267117	2267876	0	4	0.272515777581247	0	0.864158540246722	0.792936967929533	0.864691009763703	0.974212882399891	0.461684363590401	0.973310216489171	0.807436574594787	0.900464154297717	0.856050362115499
1	2266943	2271943	2267117	2271780	0	0	0.417092727205222	0.417092727205222	0.347423082392472	0.976214645501235	0.907718937903471	0.974206630666082	0.397103069761266	0.393900563248968	0.205067967199512	0.594889022553511	0.343561781002003
1	2266943	2276943	2267117	2276283	0	5	0.877261385162944	0	0.629053289638851	0.228824866173676	0.910487203007202	0.809302960425834	0.452636243981517	0.0834499445954684	0.368748696121493	0.75557341416403	0.692125061528322
1	2269443	2270443	2269544	2269974	0	5	0.347012170776352	0	0.631506314977417	0.970912775256386	0.64552494321918	0.865888670205403	0.305261900419388	0.290335978729582	0.415441091700904	0.43872637080202	0.837231154765654
1	2269443	2274443	2269544	2273065	0	3	0.555046339676552	0	0.87335561028429	0.73711396016295	0.797914631183382	0.222284965165692	0.856923003726906	0.548899018926574	0.932606319279062	0.685795415486356	0.840464750634618
1	2271943	2276943	2273065	2276283	0	1	1.92808737866446	0	0.837691939318419	0.00707164684066264	0.831137975691692	0.0291376666294499	0.599249861685663	0.00754144014922653	0.751804363508976	0.780712349299855	0.90182352381896
1	2271943	2281943	2273065	2278919	0	5	0.964937586640357	0	0.756571755246626	0.0690066911590676	0.938920613149485	0.489875459838027	0.585374430290083	0.0634594292078663	0.511680352097545	0.773730842013769	0.847720941356695
1	2274443	2279443	2274847	2278919	0	5	1.1676054566057	0	0.804353139025088	0.0411102882254888	0.825733318457579	0.558027657972641	0.304439270188404	0.0379358891970841	0.739687525387804	0.732122458310338	0.875242536502577
1	2276943	2281943	2278783	2278919	0	0	0.257484643164978	0.257484643164978	0.534473234623538	0.966964665734457	0.969839828636152	0.969707822514161	0.963048155579701	0.965616995862041	0.552070690904735	0.515383766991749	0.535739065713548
1	2276943	2286943	2278783	2286519	0	1	1.26889489830428	0	0.876496781749085	0.0495589902775221	0.957656394409822	0.971042105584443	0.328001598728911	0.920486339470298	0.924544411186544	0.814949144355875	0.829017566997611
1	2279443	2284443	2282556	2283455	0	4	0.500073998256148	0	0.761607554830674	0.81208445811594	0.573736789745769	0.933710162708667	0.256759901658037	0.972117687639408	0.746982315759941	0.416963455483328	0.879445605644245
1	2281943	2286943	2282556	2286519	0	1	1.02231973514585	0	0.789753403981446	0.0713990814513374	0.751644285063065	0.970742118914416	0.303254587152418	0.725302325573027	0.587667802265131	0.788074834619604	0.869734277744376
1	2281943	2291943	2282556	2291371	0	1	2.33822734096343	0	0.676957166776553	0.0030127559464479	0.103592354675479	0.656434341647009	0.197687989413126	0.912019156964732	0.396067398421398	0.789878421705001	0.735764476983741
1	2282443	2283443	2282556	2283411	0	2	0.768174801035028	0	0.736646037165588	0.306370644830511	0.165543419648476	0.971670541968728	0.971090107015044	0.970703785483471	0.320621646539767	0.342071741924618	0.920716778409494
1	2282943	2283943	2283411	2283455	0	4	0.866040501201033	0	0.828174520990907	0.706658021200103	0.771078003352368	0.563364541802737	0.104968215217273	0.971400261029669	0.501739572612204	0.654854533644881	0.929982853201032
1	2284443	2289443	2284644	2288488	0	1	1.20605792414291	0	0.495565708697799	0.0419227232299925	0.804643856691891	0.985295984980659	0.673763391349538	0.586426766697148	0.324758620625931	0.68561592776019	0.472186663518373
1	2286943	2291943	2288397	2291371	0	1	2.42423084413476	0	0.426642310917668	0.00160632374380631	0.00718450321197417	0.537524986371448	0.175692224809245	0.807627609233014	0.513415300340965	0.524992567784638	0.28048013345819
1	2286943	2296943	2288397	2295408	0	1	1.8072731407586	0	0.725075565631874	0.0109782484666516	0.0303059112402573	0.447133769653467	0.704378670578494	0.956025778630601	0.791253000302518	0.709076135901009	0.645721376383866
1	2287943	2288943	2288397	2288488	0	0	0.526968570986818	0.526968570986818	0.220005766099159	0.972182124328804	0.710167475423004	0.971784169901729	0.717259168406942	0.740291280895738	0.30784310616549	0.291750123533885	0.137465741690908
1	2289443	2294443	2290367	2294175	0	1	2.31932950847285	0	0.691320391761141	0.00155115716724996	0.00907851818876093	0.323582713321549	0.194464698666964	0.973282034975954	0.331233052178169	0.793534768927239	0.794097415495985
1	2291943	2296943	2292825	2295408	0	2	0.213703822176439	0	0.661552095446575	0.974978965413059	0.554626775294121	0.602888759836057	0.974943056612774	0.907203368322545	0.276409604455324	0.695394390534264	0.839344321255006
1	2291943	2301943	2292825	2300991	0	0	0.0999711990975326	0.0999711990975326	0.766618454322884	0.888520009129762	0.968618155861503	0.949458104083023	0.965051452312986	0.970636270148404	0.816575545267366	0.646575396927238	0.790796575437108
1	2292443	2293443	2292825	2293363	0	4	1.10824908678906	0	0.36684965126803	0.971761622049282	0.970859023362833	0.640158423535375	0.0694790453991303	0.891462193465265	0.245134578986755	0.488294677842431	0.417310384409423
1	2294443	2299443	2295408	2299048	0	2	0.315138895568152	0	0.452016095650554	0.978106672978891	0.382920137723487	0.596688826528289	0.980307683393349	0.791128631119339	0.318983600025333	0.408549262353102	0.642162387546423
1	2296943	2301943	2299048	2300991	0	1	1.21172423907428	0	0.612334956760183	0.0471109651823491	0.948222480540928	0.767089858309445	0.0948314115767311	0.972479276244633	0.584147435490007	0.484048225749456	0.730507339077773
1	2296943	2306943	2299048	2306415	0	0	0.285532790200388	0.285532790200388	0.502213564543473	0.673863327273942	0.969217459262702	0.972905225797384	0.843353000291746	0.970000756259172	0.571002815821452	0.441707319387435	0.493390597429402
1	2298943	2299943	2299048	2299491	0	0	0.276734387257746	0.276734387257746	0.513714181787279	0.971529388545022	0.970296924932117	0.972666351746908	0.984673294722649	0.971201919538185	0.824108689019451	0.308361150956992	0.284225039900857
1	2299443	2300443	2299491	2300420	0	0	0.225827788938429	0.225827788938429	0.577063578847734	0.974931027908504	0.968347743834198	0.971291492121529	0.968220880586063	0.970624956877568	0.444045911351856	0.479084400375871	0.747475023653145
1	2299443	2304443	2299491	2304149	0	1	1.32157493209371	0	0.617488123732796	0.0407514864716396	0.918036557242622	0.960695290868623	0.634315703482999	0.85451243495493	0.629158405079784	0.566493338514422	0.652358268878107
1	2300443	2301443	2300965	2300991	0	1	1.84368547576278	0	0.552207543362034	0.0067970531163829	0.474248689582796	0.094216359387607	0.0374439080922234	0.539993352438044	0.334776128775292	0.349708345453618	0.820251862111975
1	2301943	2302943	2302461	2302563	0	0	0.281043834769782	0.281043834769782	0.253322547680244	0.289122167654393	0.483857728041992	0.980726222324223	0.679046068713676	0.423934168586294	0.170837327654411	0.373020026345049	0.278414740483906
1	2301943	2306943	2302461	2306415	0	0	0.526302009531145	0.526302009531145	0.243949456234326	0.819599838087408	0.793386203151377	0.975054125764918	0.689460114433454	0.826304991055803	0.16324878937681	0.336215836759386	0.290111434260103
1	2301943	2311943	2302461	2311279	0	5	5.54283806554676	0	0.395668736006034	0.421801255086914	0.528270899642789	0.586923544492814	0.487304674660589	1.39624783268566e-06	0.509579850190824	0.534244025994366	0.226709510826485
1	2304443	2309443	2305862	2308483	0	5	9.43390953963624	0	0.916152724885719	0.0149257307194104	0.128460213449874	0.0504918362314146	0.0932476517378369	3.43343131703477e-11	0.980373600821104	0.116326510017982	0.122891184125293
1	2304943	2305943	2305862	2305918	0	0	0.803569944716708	0.803569944716708	0.153045664151785	0.986159127052469	0.683983573235412	0.973623337063142	0.502317406944402	0.975033180674256	0.0920421936122389	0.221605314954792	0.222019953538643
1	2305443	2306443	2305862	2306415	0	0	0.611582976557624	0.611582976557624	0.238263355663177	0.975712832375889	0.708773255006059	0.974182291045509	0.422710045806543	0.983473006416176	0.248271986268441	0.225596812824733	0.241863294347565
1	2306943	2307943	2307717	2307769	0	5	16.6399773302641	0	0.0259234653556808	0.669703347477503	0.0172842235406058	0.191094165616022	0.021977741827868	5.9390328265575e-19	0.0174104656792601	0.0315453729934165	0.0375698805425714
1	2306943	2311943	2307717	2311279	0	5	7.28837034783205	0	0.516397265554606	0.107649095193764	0.473240612374779	0.17917066986257	0.53993879373706	2.43619282525032e-08	0.778254919574858	0.613605424891453	0.19598045356176
1	2306943	2316943	2307717	2316259	0	1	52.8927072292065	0	0.818817903370237	7.54368606427469e-83	1.511825591499e-52	2.46578781921812e-28	5.89238120875347e-30	1.44860277040643e-76	0.535139698647688	0.903409812562005	0.800848654072088
1	2307443	2308443	2307717	2308171	0	5	17.0612563127958	0	0.0887657679445365	5.6695498514614e-05	0.00404784732703889	0.000625966408525081	0.0101270386734991	3.51534384590357e-20	0.0979789988223932	0.0917997100043922	0.0787110028124269
1	2307943	2308943	2308028	2308483	0	1	4.2386362175985	0	0.578442752849382	5.73486507193799e-06	0.167700900427447	0.000549276542120336	0.0867217663036679	0.0993480671115552	0.482581176879109	0.6934115492038	0.536143687392477
1	2309443	2314443	2310553	2314250	0	1	50.6390301692094	0	0.973382154914824	9.70517026395618e-71	7.2277243843776e-48	4.22701051435963e-20	5.56221735337203e-14	2.20636845784025e-52	0.901312910057813	0.993797882447342	0.724235092085926
1	2309943	2310943	2310553	2310748	0	0	0.100218668535989	0.100218668535989	0.772185771800141	0.983296903513933	0.970320599515512	0.972613881400417	0.973142626954366	0.968137901095897	0.570313452597766	0.884404455389372	0.670665512320112
1	2310443	2311443	2310553	2311279	0	0	0.02419832484558	0.02419832484558	0.919493462143552	0.981641513711413	0.972180644898766	0.970402357394361	0.972213372672627	0.969552907440084	0.621496075470729	0.969060370591313	0.741917272697912
1	2310943	2311943	2311157	2311279	0	0	0.0307450046494092	0.0307450046494092	0.905368321130766	0.976342224411768	0.972784840817063	0.969995657989071	0.971785241382522	0.971180379119251	0.903279191510023	0.940597228277507	0.792075866629144
1	2311943	2316943	2312479	2316259	0	1	49.4304560538721	0	0.947023590574526	2.83427673666963e-79	2.29112417697815e-51	6.85379493405723e-28	7.63656945502613e-30	4.33867211474576e-67	0.536816343666331	0.968473902534091	0.958779810842215
1	2311943	2321943	2312479	2319933	0	1	51.0647570421078	0	0.946806279145508	1.92372339546163e-81	1.36433009983536e-52	2.20771775431699e-28	2.23305628017271e-30	8.33826183011219e-69	0.906040537542845	0.966495156365514	0.937537440091731
1	2313443	2314443	2314100	2314250	0	5	0.99565910788476	0	0.854171649154231	0.473766984609166	0.447778031775938	0.787887608766849	0.984187048620325	0.0795802249490264	0.631674020391735	0.933990906151462	0.731805877110266
1	2314443	2319443	2316259	2318871	0	4	15.1005386517396	0	0.946554233568095	9.41913214091983e-12	0.00648188790931004	1.40649714097663e-11	1.11583557118767e-26	2.51562025416789e-23	0.704124248534446	0.881112257174733	0.97793178390823
1	2316943	2321943	2318871	2319933	0	1	0.63283325939619	0	0.397338741449179	0.172725149145179	0.783167941141766	0.70326744634141	0.847850988785245	0.741632640790842	0.280813113471369	0.527641779257559	0.417054168601698
1	2316943	2326943	2318871	2326612	0	3	4.00754244565512	0	0.44865339406415	0.042778379750628	0.785662250877845	2.27169449595888e-05	0.000669448198089673	0.23114918762358	0.535679616047374	0.534177334381631	0.303786947833815
1	2321943	2326943	2324726	2326612	0	3	3.93130877907974	0	0.276552232316709	0.0298886699994118	0.834951308437529	1.37950569906176e-05	0.000368886495060283	0.117769349998835	0.190450853828253	0.455535148481376	0.261632369120515
1	2321943	2331943	2324726	2331201	0	3	3.76870654008345	0	0.217358273380436	0.087504679965583	0.854246490174329	3.70228319259702e-05	0.000989657288402501	0.318797553592259	0.10261450623812	0.505283815717558	0.303242857479656
1	2324443	2329443	2324726	2328949	0	3	4.0003867046514	0	0.285964188677628	0.0482078980258209	0.80066928163445	1.81473634818241e-05	0.000502669240019182	0.181635294600424	0.175304332975764	0.493211623519898	0.297443704867945
1	2324943	2325943	2325544	2325758	0	1	1.16376866729062	0	0.201986618704039	0.0442471310463707	0.984753382777308	0.84246170116639	0.645139723707397	0.251811271865825	0.302437815991331	0.234712622507144	0.132626518533883
1	2326943	2331943	2328863	2331201	0	0	0.402163604089219	0.402163604089219	0.385156533788105	0.972301316328639	0.975106304112974	0.969774105201486	0.846124855320937	0.976338371593666	0.337414341919086	0.452107357238162	0.373448795737001
1	2326943	2336943	2328863	2335858	0	3	0.505295168058853	0	0.318666893147751	0.758739112716664	0.630128263108327	0.100505964952737	0.321726626856728	0.301895832809025	0.426079851661462	0.280882130860967	0.273471261184387
1	2328443	2329443	2328863	2328949	0	4	0.944292524640538	0	0.518464804756243	0.904367198865195	0.906389428408406	0.281452782655851	0.102814005158279	0.904507106147953	0.687479097292532	0.456935292473501	0.390644055272381
1	2329443	2334443	2331201	2334136	0	4	0.511026255183041	0	0.248618103604555	0.546713618736993	0.90789872108445	0.974785363151059	0.168551894074815	0.424451030894975	0.562441104530516	0.185682726976769	0.168469147756751
1	2331943	2336943	2332026	2335858	0	3	1.04442710707181	0	0.42349191984585	0.724882051881094	0.137679037006526	0.0247123296596563	0.27374159653036	0.160398492438215	0.856483176867045	0.187565579161308	0.208135077733565
1	2331943	2341943	2332026	2340859	0	3	0.64929923493787	0	0.448021606803725	0.96567473620883	0.802436156577067	0.159960607784022	0.569295778379396	0.713365793223787	0.549163597783669	0.491095007999876	0.322881101133623
1	2334443	2339443	2335858	2337875	0	3	1.24900441985994	0	0.657534586665896	0.58035194098609	0.785433452645387	0.0370607481322925	0.97188958370079	0.446730983819625	0.565721469157654	0.773207728774767	0.578605188508216
1	2336943	2337943	2337509	2337875	0	0	0.266961798263381	0.266961798263381	0.524668604862981	0.973008237878444	0.980272692420941	0.554488543609679	0.970167843951896	0.969676018618184	0.407256772731474	0.644931415539312	0.51375228393213
1	2336943	2341943	2337509	2340859	0	0	0.267958205215741	0.267958205215741	0.523996913160204	0.971151384846429	0.975594106569871	0.924028558768037	0.939921789279472	0.976886431584687	0.381291018668914	0.700230483871437	0.465185707494532
1	2336943	2346943	2337509	2346867	0	4	14.8610868336008	0	0.716554181436611	8.51140780565585e-05	1.04431598875986e-18	5.63946658149739e-06	1.17196479423203e-19	0.000137889201606067	0.876246130648039	0.576679545709705	0.419249785311118
1	2339443	2344443	2339624	2342248	0	4	15.5116216851453	0	0.555805940041049	6.82473036595077e-06	1.51184405633785e-20	5.39834468682443e-07	2.10118268178048e-21	1.40219059308055e-05	0.823017711724446	0.350728791826151	0.334802998846832
1	2341443	2342443	2342160	2342248	0	4	13.651343982918	0	0.325223303079117	3.41286752547632e-06	4.20750385331901e-19	3.58120584187382e-07	7.61685078908009e-20	6.91149479914444e-06	0.52944768151222	0.242432208796362	0.270367479496679
1	2341943	2346943	2342160	2346867	0	4	15.4283018671019	0	0.315646853148397	5.87014817476916e-06	1.87390894951313e-20	5.62292547523491e-07	2.18951132957982e-21	9.85499749950325e-06	0.253703293683105	0.333610827684501	0.376492812993955
1	2341943	2351943	2342160	2350923	0	4	14.0546121985685	0	0.914933781383396	0.000448325868382948	3.39890496014299e-17	2.58912340055373e-05	3.55598978996471e-18	0.000403248447384152	0.965633128573288	0.787595147842142	0.637714937245502
1	2344443	2349443	2346171	2348747	0	5	0.769031499631888	0	0.863845996472989	0.971634739838757	0.962231135770254	0.737945088772382	0.890540402381182	0.151573098214407	0.81830203926897	0.92311925898893	0.74412362433578
1	2345943	2346943	2346171	2346867	0	0	0.290678592243423	0.290678592243423	0.42478792527652	0.927647808401255	0.705127647424667	0.944227397174112	0.590860308471876	0.829565639899359	0.302507799167415	0.477790550584124	0.519744689694329
1	2346443	2347443	2346867	2347378	0	1	0.110831126987267	0	0.981709501815803	0.729465528825788	0.897803002136372	0.950694254531742	0.941533768856971	0.858172594104653	0.98296695142396	1	0.827511138256242
1	2346943	2347943	2347378	2347455	0	5	1.18138580812093	0	0.926677461650037	0.802187483177798	0.8858218942801	0.890794229886419	0.911681055900826	0.05866669017364	0.791257809865424	0.96660593982886	0.852149581352161
1	2346943	2351943	2347378	2350923	0	5	0.745193359512475	0	0.798810840155948	0.971311212012041	0.962447744489959	0.539740273385619	0.935973392502	0.168294585379803	0.362543741473923	0.908932865145458	0.773300468416928
1	2346943	2356943	2347378	2356356	0	2	0.901627543031245	0	0.891663720458823	0.969894622829024	0.121645769097673	0.738896395996944	0.971898648145799	0.97042097656048	0.367599082247709	0.961446144047364	0.693840965442427
1	2349443	2354443	2350512	2353792	0	2	2.04759647027388	0	0.59339524413099	0.975111979864911	0.00869241741017657	0.967844535067012	0.969922520467713	0.971238821188974	0.269300701251287	0.784251032960776	0.659991037706195
1	2349943	2350943	2350512	2350923	0	2	0.411695251959697	0	0.55046144112168	0.972732017254505	0.330772163122563	0.853540642264396	0.639861635996788	0.879813466284113	0.389216602113241	0.591016045085874	0.659674966684005
1	2351943	2356943	2353470	2356356	0	2	1.63507982074133	0	0.745941639921313	0.924566075657514	0.0214219071918078	0.61938244471323	0.931692905035038	0.97464962907994	0.738926939214143	0.82896315657881	0.596647906584906
1	2351943	2361943	2353470	2360589	0	3	23.8629138174987	0	0.793262874648636	0.565730425855265	0.00354824870319337	1.08590267384501e-24	0.791962686157959	0.973082086719925	0.711906005176813	0.887770121242458	0.633937307937786
1	2352943	2353943	2353470	2353792	0	2	2.34942258995454	0	0.647659694871797	0.970750053530755	0.00434195015207062	0.972968769065734	0.969374530325176	0.973736522200356	0.493626246103742	0.745138660772863	0.660306764049109
1	2353943	2354943	2354608	2354822	0	1	0.069579477782321	0	0.701349221401966	0.676757517370979	0.741166334401263	0.972339942793876	0.794351219037311	0.9664121559455	0.533942243986537	0.804121122557752	0.689551103504077
1	2354443	2359443	2354608	2359033	0	3	36.7290917511298	0	0.614966842304275	0.180647968766877	3.49211962347162e-05	1.14751916901397e-37	0.681284305890831	0.897882206410882	0.618168911894644	0.70095057876887	0.504088303592435
1	2355443	2356443	2356253	2356356	0	3	0.369920549336081	0	0.597495125896623	0.678097486652803	0.978342453721827	0.289315422633123	0.653993456260362	0.9750902785675	0.790309227460146	0.482683382501102	0.410565548280275
1	2356943	2361943	2357528	2360589	0	3	22.7079647081134	0	0.773431000708253	0.349378324518079	0.000485475089633369	1.30239044931383e-23	0.664822808888404	0.760777663169599	0.860695982056982	0.701120595596384	0.674009737829418
1	2356943	2366943	2357528	2366279	0	3	26.7104088825188	0	0.84668742355888	0.107524995238216	1.27109302883177e-06	2.39574805487183e-29	0.00165916849245218	0.0122984400010506	0.59169188664735	0.915022574786567	0.837579831065722
1	2358943	2359943	2359033	2359725	0	2	0.797437387457124	0	0.696950865822374	0.8063437036106	0.111112974668551	0.525202745921588	0.75819287997859	0.648538330642554	0.42981072975026	0.782345999513077	0.769833038278557
1	2359443	2360443	2359462	2359725	0	2	0.630005939811525	0	0.972862615745055	0.573325793110615	0.139300945096714	0.934160631410698	0.594237428562702	0.301506802541099	0.78072937502912	1	0.856657945673066
1	2359443	2364443	2359462	2364197	0	2	0.489828238591776	0	0.936020570984565	0.968808109703018	0.305790314919969	0.971114351869685	0.886950879173039	0.944608751336197	0.974009148620234	0.800055124691624	0.769036775427695
1	2361943	2366943	2363119	2366279	0	2	1.44132232405435	0	0.834198345442868	0.172112916820307	3.83693270706864e-05	0.000159919454571611	0.000140528534154249	0.00106000156526465	0.590100693800227	0.875037767034442	0.879883914080006
1	2361943	2371943	2363119	2371819	0	3	9.24176871934419	0	0.749361019948395	0.696301710643371	0.00466443837042907	2.67319499869245e-12	0.000147116458636187	2.08697059633778e-10	0.783448393080569	0.810440004272999	0.585817025505016
1	2362943	2363943	2363119	2363871	0	2	0.409873163928328	0	0.540192295354572	0.970183252998138	0.299603253675961	0.769874064543306	0.915081478679734	0.661196188362673	0.437006194716296	0.431279519595579	0.714905702623996
1	2363443	2364443	2363871	2364197	0	4	0.326050462847531	0	0.57912967183244	0.950396072176277	0.942740029197328	0.97597859669408	0.448594732742902	0.98045320630881	0.565731287667882	0.558131147179666	0.612063564629111
1	2363943	2364943	2364197	2364780	0	4	1.1787050002103	0	0.796835373119912	0.284772409677582	0.972689279561126	0.971448161459865	0.052803608793537	0.550819822728201	0.607785636770984	0.891028518054216	0.730742717340291
1	2364443	2365443	2364780	2365062	0	4	0.776946874333799	0	0.901236754839854	0.145547873510707	0.973129173687483	0.241338568012726	0.109173292667656	0.653225730414377	0.962321817783718	0.70774454224809	0.55778942823712
1	2364443	2369443	2364780	2369231	0	3	10.6684364280461	0	0.962937916849206	0.530127836321323	0.000144878749641864	3.10862446895044e-15	3.07535661037139e-06	4.07229805432507e-13	0.943958225944995	0.981941506048896	0.875287321572483
1	2364943	2365943	2365062	2365645	0	2	1.32345286332501	0	0.898279851372037	0.00653078015754249	2.090440567315e-07	1.12592719492266e-06	3.10666358704914e-06	4.40241204557879e-06	0.95852310852982	0.765696281955464	0.601838689570498
1	2365443	2366443	2365645	2366279	0	2	1.43059615723564	0	0.873253360570286	0.0129490625677814	3.51144424870498e-07	9.62416519811882e-07	1.88279953072801e-06	9.46415696922998e-06	0.727602036566266	0.686721740899547	0.943739388545133
1	2365943	2366943	2366228	2366279	0	4	0.566669463383103	0	0.8812772830628	0.448230111923327	0.558418095966534	0.266734226388071	0.151457233610392	0.830198087386179	0.39939450122587	0.47445200769438	0.960777300290864
1	2366943	2371943	2368814	2371819	0	3	7.83519299662301	0	0.271092712475702	0.975884042510558	0.974007508569557	3.96209465236552e-09	0.11838035368045	4.8011353226407e-08	0.366965885111707	0.534500985138912	0.130988269511302
1	2366943	2376943	2368814	2376524	0	5	7.39282659799434	0	0.570119114226697	0.900517999815398	0.170949096220964	1.0052495731383e-06	0.0152975647509686	6.91895030158207e-09	0.65327045155581	0.78687346824912	0.232830223214479
1	2367943	2368943	2368814	2368912	0	5	1.32633535952323	0	0.971628457652033	0.968917096980512	0.972203187961237	0.97037565655567	0.969526544500645	0.045772489475615	0.662780850226863	1	0.777168112789242
1	2368443	2369443	2368814	2369231	0	3	9.57353898965623	0	0.948598634705679	0.950183192639094	0.916098202329932	2.44569919871651e-10	0.0311907377065402	3.54010476488753e-09	0.84197649702323	0.979379595481775	0.772860900453623
1	2368943	2369943	2369130	2369662	0	3	9.15968764955214	0	0.876855680633921	0.958088016858946	0.871156487906953	6.03126659726172e-10	0.0287256092411468	8.18782219802472e-09	0.854386636831541	0.929073808845333	0.736581297168454
1	2369443	2374443	2369662	2373856	0	2	1.28279820244361	0	0.270439547626149	0.707989868342433	0.018512382296781	0.887058540655776	0.352548219638548	0.355026288838467	0.610859661069495	0.40808471473179	0.112771511977876
1	2371443	2372443	2371819	2372434	0	2	0.768081484184424	0	0.615193894069235	0.377192647739953	0.10493745618877	0.266416479017894	0.906125574831671	0.944230050806713	0.457038936023979	0.732572384156462	0.614312257881242
1	2371943	2376943	2372434	2376524	0	2	2.42335164527925	0	0.859192694882871	0.555071196300126	0.0020940982133949	0.969888779173558	0.0345883833441714	0.040431084819434	0.620277055818934	0.941743069644728	0.656096183473164
1	2371943	2381943	2372434	2380702	0	2	1.36256331824109	0	0.715426221149251	0.670359516116637	0.0290900495211339	0.891364359239238	0.430657764732885	0.583400888285954	0.217358459950786	0.907346668129715	0.593230577720178
1	2372943	2373943	2373429	2373856	0	2	3.94099839450155	0	0.747121126489042	0.891791468825959	8.55840083081594e-05	0.908196686084847	0.000494833002985029	0.000527726784747662	0.807571021782691	0.784034998355657	0.580422356481324
1	2373443	2374443	2373837	2373856	0	2	4.73282645454127	0	0.566838136045348	0.0541167116331585	1.00116335399747e-06	0.941605090135112	1.20279530568812e-05	1.30364630317459e-05	0.411731890046699	0.684540723355956	0.583699107246257
1	2374443	2379443	2376524	2378239	0	0	0.436391165890038	0.436391165890038	0.355638776838736	0.970260918996116	0.972733834703055	0.974707439789801	0.969787665444914	0.971404864107143	0.188322303759251	0.5118178245033	0.496466129973828
1	2376943	2381943	2377482	2380702	0	0	0.383625975973682	0.383625975973682	0.401783139312071	0.924298490423104	0.985733246972299	0.932706126146439	0.971891275940531	0.974678327408984	0.212335466724477	0.62091925954856	0.47280573487653
1	2376943	2386943	2377482	2383979	0	0	0.241020686045142	0.241020686045142	0.5573191839898	0.977523824086917	0.971432207585062	0.948227901581331	0.970788624246281	0.877464996024776	0.863024411480835	0.359011753687594	0.22672223723509
1	2377443	2378443	2377482	2378239	0	0	0.511982369776091	0.511982369776091	0.298810148325297	0.812344797697978	0.974903578068998	0.920790311408645	0.971354402483602	0.976099032410947	0.193561548203072	0.414216977321991	0.356521784987023
1	2379443	2384443	2380702	2383979	0	5	1.03281900842026	0	0.230533428146307	0.974566389372656	0.91278820324985	0.799741223235507	0.971125698258074	0.0846351971640151	0.229531760247868	0.293432913418836	0.187641820717052
1	2381943	2386943	2382115	2383979	0	5	1.26224041203684	0	0.0995433612757355	0.975960497771223	0.916512240723262	0.96925654602567	0.970686936175411	0.0529905382324906	0.0655401232325856	0.132608760012903	0.134152889403797
1	2381943	2391943	2382115	2391301	0	5	0.552147603225089	0	0.353995202634084	0.94615211223234	0.849386226839356	0.933450032009779	0.978932608762086	0.261784224454696	0.333535245036869	0.494087821513147	0.269151867156154
1	2384443	2389443	2388678	2388697	0	1	0.745242332299405	0	0.677400904915708	0.121787703199777	0.378510451371868	0.848548260070131	0.975161975914256	0.446161473420775	0.530841901015531	0.799491342695149	0.621313454225167
1	2386943	2391943	2388678	2391301	0	1	0.390892858335193	0	0.8369356807997	0.367073124390289	0.458984276625714	0.973194278153562	0.977753164992626	0.902912045194316	0.798317862973797	0.911788888967535	0.636665806544339
1	2386943	2396943	2388678	2395813	0	1	10.6082094998117	0	0.443579024409255	1.8043344596208e-11	0.880791228216099	0.73202606191084	0.000282473294931584	0.82347010439226	0.316296328166593	0.580149149067776	0.454604834399022
1	2389443	2394443	2391301	2393887	0	1	12.0367293421152	0	0.260042592887982	6.17950135506362e-13	0.963550641046372	0.672485266677183	3.04866471561027e-05	0.92077496312067	0.145620659958306	0.352207724013506	0.411803437052836
1	2391943	2392943	2392141	2392458	0	0	0.775206110999609	0.775206110999609	0.162590813465693	0.968951668513973	0.696471141953847	0.971263461174207	0.969940418907394	0.742259533047004	0.123070590364377	0.151514338908881	0.256936077112625
1	2391943	2396943	2392141	2395813	0	1	12.1621208431921	0	0.324908322602533	4.51194637207664e-13	0.964898580772143	0.655367306202747	3.0304391395175e-05	0.860657979286431	0.294119059102789	0.318751495302183	0.366913967290829
1	2391943	2401943	2392141	2400905	0	1	12.3696870844394	0	0.578627414201632	2.58904009342587e-13	0.922294167972727	0.863104092801155	1.80396305051733e-05	0.606493094443979	0.846928144184941	0.367778977427009	0.301553210743813
1	2392943	2393943	2393658	2393887	0	1	17.830116718258	0	0.431181960225764	6.37593475549406e-19	0.906779238953333	0.109005286382318	2.18626999615168e-07	0.970353190407324	0.303678743189882	0.528513567609769	0.487376057718358
1	2394443	2399443	2395160	2397925	0	3	0.564296322034165	0	0.440707222620949	0.90426484545748	0.881715900405857	0.240454190806978	0.972874528973499	0.400796697900018	0.366730143034272	0.606783056241502	0.360399376505129
1	2394943	2395943	2395160	2395813	0	5	0.819248358202389	0	0.380502022483161	0.977332967169185	0.724520408595486	0.971407579804836	0.968064864347621	0.146776355421757	0.279345329173651	0.49500290674313	0.396856887728033
1	2396943	2397943	2397846	2397925	0	3	0.661405981255912	0	0.606576096537599	0.565834261597255	0.671008813874197	0.132275469205252	0.976673947321446	0.303375433360992	0.832418849433313	0.476276113517172	0.32746627554965
1	2396943	2401943	2397846	2400905	0	0	0.402449044042727	0.402449044042727	0.290009625803314	0.896410085486184	0.660880261773758	0.826551384495851	0.732590794215513	0.441253738426531	0.25200170705756	0.4347054583967	0.230409965333994
1	2396943	2406943	2397846	2406497	0	5	12.8462777347195	0	0.847628690359498	2.27151630838307e-13	0.000193881026332221	1.87701114951666e-17	1.43340876876952e-05	2.04217202282261e-18	0.796385748190266	0.85830155966876	0.871493203417944
1	2399443	2404443	2400532	2404358	0	5	12.6800314615301	0	0.640776818471603	1.29896093881143e-14	0.785888615794742	5.05193409701095e-17	1.50186178937695e-07	3.13760672021613e-20	0.882503720856541	0.425110594933043	0.262468343120048
1	2399943	2400943	2400532	2400905	0	4	1.1135218412008	0	0.186933163774862	0.564893041350067	0.544547973229471	0.986543072460063	0.0419289807000314	0.403913433418589	0.14548173476338	0.282671387744872	0.172543577496496
1	2401943	2406943	2403418	2406497	0	5	12.7935510067889	0	0.901916756700523	2.46913600676635e-13	9.36081313875903e-05	9.10003436525522e-18	2.15500653049094e-05	3.46655091900396e-18	0.627440203681139	0.928023845045518	0.932654383516923
1	2401943	2411943	2403418	2411501	0	5	9.8461846682263	0	0.0868023885431534	6.89682755350418e-11	2.8826812420224e-05	1.75859327100625e-13	0.00012051889052378	4.10782519111308e-15	0.7698382822089	0.505306771569405	0.0267376437785151
1	2404443	2409443	2405503	2408571	0	2	1.36550793891453	0	0.950862713864512	0.000229681666547021	9.89961697728248e-06	2.88976994948786e-05	0.136536495911263	1.82127286085798e-05	0.85477984400205	0.974769547800483	0.932600537366632
1	2405443	2406443	2405503	2406104	0	1	0.575820332313644	0	0.979613346753996	0.258743190725181	0.974292280839072	0.731544048550713	0.974656534514377	0.972432066901672	0.882435718085541	1	0.974329733932717
1	2405943	2406943	2406104	2406497	0	3	1.89826874017089	0	0.957127468085173	0.00100008233586335	6.50112018349969e-05	1.26405804310448e-05	0.473314739504263	0.000193962475999454	0.812779817756171	0.97252222502561	0.965099453032721
1	2406443	2407443	2406472	2406990	0	3	1.98399817210671	0	0.944569169285993	0.000512576225931816	2.93694989196291e-05	5.31814638016215e-06	0.430289607246618	9.37749919861508e-05	0.853359103000532	0.974464581983029	0.883098055313058
1	2406943	2407943	2406990	2407483	0	5	0.0367761342710841	0	0.722859692320402	0.81184935312877	0.754979988410556	0.911301598712669	0.743232228958464	0.693680212170258	0.553781649031908	0.647540337853507	0.84277322240555
1	2406943	2411943	2406990	2411501	0	2	0.923653229718032	0	0.0372807940445641	0.146174283374155	0.0174268038777636	0.623661371061682	0.199792730786801	0.0714868998643449	0.440779175813359	0.244891697047301	0.0131044737167438
1	2406943	2416943	2406990	2416063	0	2	0.655758927012275	0	0.0540989705325874	0.144279104194667	0.0318745828802168	0.46678112343524	0.253068389831151	0.10103350482234	0.399343514049703	0.246577338996706	0.0197059956851398
1	2409443	2414443	2409759	2412700	0	0	1.37745198232941	1.37745198232941	0.0307959779571432	0.530509903870778	0.359992389363744	0.741145228590592	0.776219991343452	0.734422514967781	0.411797611063479	0.106522512296974	0.0114651550740892
1	2410443	2411443	2410451	2411435	0	0	1.84192551202549	1.84192551202549	0.0135799699066721	0.97583631948866	0.189989474426307	0.980891764450978	0.55605178649165	0.943679062825233	0.682657861139878	0.0640625477688637	0.00482095676242111
1	2410943	2411943	2411245	2411501	0	2	0.757870477204025	0	0.476908422978634	0.977552855547619	0.169892764820003	0.972982789272998	0.607292868148334	0.972848830782597	0.539640876935393	0.524556869139435	0.373295817240945
1	2411443	2412443	2411501	2412313	0	3	0.572353627188255	0	0.54005376082181	0.62534540014117	0.956368767653676	0.167404193317523	0.971596003257696	0.509008372201411	0.477948618387371	0.484793240930594	0.646742230225743
1	2411943	2412943	2412313	2412700	0	3	0.734683507044909	0	0.961495377813834	0.301694336992383	0.920577092282474	0.168127816567941	0.912689554120297	0.565663011868987	0.975018383138326	0.967831774696166	0.858669693892956
1	2411943	2416943	2412313	2416063	0	3	0.331663959408058	0	0.547310582524835	0.387541165212875	0.981567585510208	0.302329235868973	0.899542586747986	0.648849696457974	0.706155096307188	0.361903023668424	0.549251678663479
1	2411943	2421943	2412313	2421426	0	0	0.302462557930104	0.302462557930104	0.246790776985874	0.495212368588407	0.977883972847206	0.299688222415296	0.46290882771843	0.901087957503881	0.197327256673801	0.26471636176111	0.295456665595601
1	2414443	2419443	2415458	2416063	0	0	0.367900034808367	0.367900034808367	0.246978296710474	0.535149207701432	0.831370716023011	0.576180858037678	0.300821520092624	0.69060004006552	0.610602817093342	0.175216643910961	0.162145167691061
1	2416943	2421943	2421121	2421426	0	4	1.04964165609284	0	0.156472529940261	0.870986480230546	0.923491340409533	0.363175467224693	0.077690829371698	0.969963227584125	0.153083711747601	0.230735840386142	0.118635461107625
1	2416943	2426943	2421121	2426077	0	4	0.717905095564272	0	0.711304486447962	0.972708677387775	0.969807190056275	0.603512687266434	0.136191640867862	0.639803985951376	0.0944772785451631	0.55826245535281	0.942042838972283
1	2419443	2424443	2421121	2423721	0	5	0.443237540946987	0	0.787697001156972	0.973001625162813	0.79846511537732	0.394880117818474	0.393396891163754	0.283871407513263	0.190116614107334	0.54195790007914	0.938929295063016
1	2421943	2426943	2422024	2426077	0	4	0.916820309383554	0	0.859356655290221	0.936735730716053	0.925404495299041	0.676198059917651	0.104076609390143	0.516397803781223	0.235326496438207	0.661246367231223	0.95408130937954
1	2421943	2431943	2422024	2427240	0	4	0.820709501868095	0	0.897482566839552	0.943615236436215	0.961664117198162	0.75164839392134	0.135617745214707	0.54977199606902	0.258911069067129	0.745819620147442	0.964628324348405
1	2422943	2423943	2423363	2423721	0	5	0.842357354998624	0	0.91966851739084	0.972674544553456	0.631350833365767	0.265236190910859	0.84333708514956	0.121239418177205	0.41724308111625	0.597393169722703	0.972589635349236
1	2423443	2424443	2423674	2423721	0	4	0.689525173524308	0	0.984794647860041	0.976604459927814	0.792249226681364	0.971450766525011	0.19856176371381	0.823967411027815	0.97532428963342	1	0.982392885516626
1	2423943	2424943	2424617	2424857	0	4	0.999508742040943	0	0.908507451243915	0.895937122908302	0.939865608414677	0.965397153140928	0.0940929351374042	0.972022303560916	0.544829148537957	0.358377922753163	0.969727908283475
1	2424443	2425443	2424617	2425374	0	4	0.964414722213437	0	0.820962346048983	0.876200523096809	0.969281806451375	0.971487484765917	0.105204747615357	0.97098373258054	0.222071432158247	0.353924093383533	0.951009374619926
1	2424443	2429443	2424617	2427240	0	4	1.18848930233035	0	0.894359772124823	0.835264558459325	0.950800620079168	0.51433713457069	0.0541171293952329	0.643882823053579	0.350155728165429	0.584408870977948	0.964551873508197
1	2424943	2425943	2425084	2425374	0	0	0.428179687946637	0.428179687946637	0.236375533560065	0.46467763023754	0.407281790928497	0.972476095405588	0.633551918126787	0.954377449137229	0.250388463418078	0.318249171488374	0.175287679024686
1	2426943	2436943	2427240	2436271	0	2	1.3312881686785	0	0.961087082529565	0.599210321334032	0.0333305292159602	0.714710854740714	0.109410838152725	0.981434777997071	0.75307852753504	0.9639116074241	0.978255421124559
1	2431943	2436943	2434171	2436271	0	2	1.47014174076095	0	0.909161805562848	0.389715803114932	0.0197764414423397	0.583834679681392	0.072633457864283	0.98304786240729	0.706157168780019	0.910332981624433	0.947547035401619
1	2431943	2441943	2434171	2441524	0	2	0.579083374417638	0	0.807693167923083	0.898336758763245	0.236785877483882	0.971024511867099	0.724476309586215	0.978116163759637	0.738948376861374	0.841740841419207	0.819529917738577
1	2434443	2439443	2436271	2438122	0	2	1.12590316722278	0	0.568493467370953	0.581641887483098	0.0514816978655355	0.68794865945038	0.844370290860424	0.89055250227452	0.519814814120327	0.694616836910175	0.465862672613599
1	2436943	2437943	2437191	2437716	0	5	0.733533064303704	0	0.670223032439815	0.969128154108679	0.484434831225048	0.280432020828818	0.975826555493631	0.123790205566118	0.822550402328507	0.590323322525165	0.462421679616394
1	2436943	2441943	2437191	2441524	0	0	0.0979117501639895	0.0979117501639895	0.74805623237931	0.845289486805778	0.937229598976684	0.970593762757286	0.906647545387824	0.941357469026153	0.868732129588867	0.669214454368439	0.528466761245112
1	2436943	2446943	2437191	2446256	0	1	1.86251085970383	0	0.90917381523473	0.00249264792156212	0.0497757978036244	0.976814389200008	0.00995858582903752	0.181623399338821	0.94759998981527	0.918186557227848	0.621844723575367
1	2437443	2438443	2437716	2438122	0	2	0.941131240441152	0	0.443284437740081	0.902659159529003	0.098507195956304	0.932683574526094	0.860199522885672	0.662664395947047	0.312965447478516	0.553384741382818	0.486162621260611
1	2439443	2444443	2440524	2444309	0	1	2.51498303082709	0	0.780924296398171	0.000161874100761739	0.0061101247282942	0.972669572824844	0.000783957671179891	0.0529859102691919	0.62260725297703	0.883610406310707	0.679080924057772
1	2440443	2441443	2440524	2441077	0	0	0.214800634185203	0.214800634185203	0.57320523519693	0.761564205359527	0.977806283733831	0.939963051366206	0.930565976834846	0.94939942308994	0.486852334822689	0.51560394732822	0.693251653781054
1	2440943	2441943	2441077	2441524	0	0	0.252870581562062	0.252870581562062	0.482074915603266	0.676029917785458	0.862948971467821	0.926516787280414	0.828265495573361	0.864667897410053	0.672021363070661	0.405897029526274	0.361567613319186
1	2441443	2442443	2441524	2442408	0	4	0.234362238349718	0	0.6956302137715	0.631258131431129	0.934786470730935	0.973129099068839	0.544941872642288	0.977888559614629	0.521653683518166	0.813492613737197	0.658204748369549
1	2441943	2446943	2442408	2446256	0	1	2.2417955811837	0	0.9142516702652	0.000123066441276576	0.00299116359642015	0.939437649760152	0.000607051555763905	0.0214751014144849	0.922899674870185	0.948300101771815	0.697713553341723
1	2441943	2451943	2442408	2451298	0	1	2.12730349028293	0	0.929338781662391	0.000509603103508782	0.013567305597604	0.970079266064735	0.0031361060253281	0.0683180645808779	0.645637637834378	0.973943843550208	0.674372029110956
1	2443443	2444443	2444126	2444309	0	1	2.24007997822739	0	0.452514387210027	2.82184496239735e-05	0.000628151458118342	0.776281081703983	0.000129037578069258	0.00490470766574458	0.360200595652644	0.581825626126092	0.423828326597746
1	2443943	2444943	2444126	2444925	0	1	2.24989373398334	0	0.631501266472579	3.99619904207782e-05	0.000899449022947696	0.872846157969559	0.000181014104218558	0.00710461985735233	0.575382833017963	0.752723807168164	0.517944985104186
1	2444443	2449443	2444925	2447422	0	0	0.0536944529912151	0.0536944529912151	0.85684219698997	0.970934705685932	0.951123214588333	0.967602202747184	0.97232213613357	0.969606010725381	0.536950145484305	0.940095479530704	0.723728342234244
1	2446943	2451943	2447422	2451298	0	1	1.05642737856131	0	0.672508411547157	0.0850536175160714	0.968809687711713	0.968545813834639	0.970345971227566	0.96818868233644	0.533037478546987	0.791648129640977	0.620850502943674
1	2446943	2456943	2447422	2455264	0	2	0.455592210222729	0	0.96147230743651	0.32979027644334	0.320190227666534	0.914113837487972	0.971553565952416	0.822620737611314	0.826412935920963	0.985531390758019	0.754900328863492
1	2449443	2454443	2450544	2454107	0	2	0.533763843552254	0	0.976076976888583	0.444053356794908	0.198055643353476	0.676941384277343	0.971344642515833	0.48484764206242	0.99561801792124	0.95580416897581	0.727025109284484
1	2450443	2451443	2450544	2451298	0	1	1.27638220901576	0	0.500623585158676	0.035204676824389	0.969398124563089	0.665246458013729	0.97018714096336	0.387480556959809	0.368675326977832	0.628642145611592	0.505055083454824
1	2451443	2452443	2452054	2452419	0	1	0.587433767658942	0	0.605447762304074	0.196723834546532	0.889899121205222	0.758644129247343	0.852271299046576	0.760835465844046	0.43978552596976	0.741461502560135	0.585590751391647
1	2451943	2456943	2452054	2455264	0	2	0.389760316779577	0	0.940768955050286	0.310472720171185	0.287137749135525	0.704450705519232	0.972186853899748	0.683940047189682	0.898010064613861	0.972752879156245	0.787484622753599
1	2451943	2461943	2452054	2460248	0	3	4.29861838893364	0	0.512626370971262	0.024451965287094	0.207145525260643	2.57740433624587e-05	0.826917864011343	0.765704695013122	0.463754299828987	0.5381461266752	0.535820395707297
1	2452943	2453943	2453252	2453870	0	2	1.41162100701783	0	0.8811993178443	0.0509834181850485	0.0155739773133877	0.377230353573848	0.972678278208354	0.401809818421002	0.755585804560758	0.926206925609935	0.873843818085618
1	2453443	2454443	2453870	2454107	0	2	1.3429741576545	0	0.850260194829804	0.0553587785018646	0.0169281030304613	0.372891472082264	0.975527692989702	0.350906702284206	0.906291408233528	0.850909217121842	0.677830257090249
1	2453943	2454943	2454107	2454729	0	1	0.37581909129978	0	0.60700633054915	0.409117025992992	0.970526665271739	0.974878282312378	0.97327711329488	0.972000850565957	0.365188492102807	0.752847228743784	0.642722681506477
1	2454443	2455443	2454710	2455264	0	1	0.391372810221749	0	0.721277783092558	0.394159236205795	0.970609455733604	0.969761072955155	0.973312824970256	0.977495719061439	0.509320080697906	0.764951058013254	0.799763510594343
1	2454443	2459443	2454710	2459313	0	3	5.53951327586873	0	0.21859378654304	0.112108071175282	0.443244335527007	1.27976408581532e-06	0.730233611415712	0.774540601445489	0.275723563442353	0.165123292281382	0.241121056356327
1	2456943	2461943	2458125	2460248	0	3	5.5627236924047	0	0.141451218344509	0.0166542158376987	0.835855952950669	9.08604878668839e-07	0.33196993757963	0.58078862844627	0.179779918219859	0.120041957264182	0.135924988844982
1	2456943	2466943	2458125	2466453	0	3	5.43850699325862	0	0.0904376702280253	0.0298173839423945	0.562544356716449	1.79342242834224e-06	0.492254380957383	0.51735128245901	0.0549282772158378	0.112347256551089	0.159828395750784
1	2458943	2459943	2459313	2459936	0	4	0.581105274972089	0	0.538164864131932	0.13767423054796	0.391802259487995	0.578362198923735	0.102792555062263	0.246312744074349	0.506698348918259	0.473754685467241	0.627385677731302
1	2459443	2460443	2459936	2460248	0	1	0.601361203573802	0	0.416214934171239	0.104221292667411	0.375712197942149	0.366119384598139	0.5654832584867	0.964066794579438	0.300131276519344	0.381095471824321	0.595526744063431
1	2459443	2464443	2459936	2462541	0	1	0.633596933787156	0	0.415021426102824	0.116167982614435	0.451553292265988	0.499670121793746	0.665937723814094	0.856845672386338	0.234510549051966	0.501450671139556	0.586115281999253
1	2461943	2466943	2462541	2466453	0	0	0.644019176633313	0.644019176633313	0.190468019892958	0.839153177750064	0.463645405923582	0.952806007781242	0.922113369047628	0.364572660551792	0.130576092983289	0.244918173188306	0.23945581371099
1	2461943	2471943	2462541	2471504	0	3	4.83555625532958	0	0.0686770968904245	0.452278290604933	0.826369451918881	1.00289547799726e-06	0.000741897818620108	5.58286874696723e-06	0.0241317013470272	0.455987351553948	0.383351949922274
1	2464443	2469443	2466453	2468906	0	5	0.994988209741426	0	0.134174099801183	0.844118841333083	0.754076919552723	0.485205589660866	0.244617528862428	0.0490837330700111	0.120713440470542	0.122656017480807	0.167967332255912
1	2466943	2471943	2468666	2471504	0	3	6.36619186890959	0	0.187601085349029	0.405540426705217	0.84148558362253	8.07315847506374e-08	0.000383243312711334	2.87253186637138e-06	0.0728031942877636	0.51291257394774	0.42754750641111
1	2466943	2476943	2468666	2476312	0	3	5.43162910038488	0	0.554735498210342	0.401842003900889	0.7086505179328	1.48739470295922e-06	0.000766765775938927	6.31826368291399e-06	0.11145273207317	0.683058135180205	0.883581252220651
1	2467943	2468943	2468666	2468906	0	5	0.866563446523903	0	0.223654564865874	0.795462993442796	0.792023004530453	0.286975851454278	0.183259479172069	0.0390195185605846	0.375527760795077	0.175498474434718	0.18674089959503
1	2468943	2469943	2469594	2469626	0	4	0.198841936927977	0	0.738362848811724	0.971635938153986	0.846561887781991	0.972649446986285	0.614084634491404	0.970666782198416	0.563213692257218	0.763767650266564	0.812496669092423
1	2469443	2470443	2469594	2470076	0	3	5.63823607403917	0	0.686361973074619	0.0641597706941	0.646666463398426	1.47579735987335e-07	5.88674701578196e-05	9.81638194841317e-07	0.409235009175553	0.794737875802903	0.742274474994575
1	2469443	2474443	2469594	2471504	0	3	5.85782645101971	0	0.363721916729846	0.245311852868868	0.74777472531163	3.40323611847104e-07	0.000466703581671224	8.684258747782e-06	0.118926144366626	0.710263497182555	0.622415968216291
1	2470943	2471943	2471321	2471504	0	0	0.479114241593485	0.479114241593485	0.321781685304003	0.737481606989473	0.975112588424765	0.970522761393698	0.552550551206827	0.969785225707986	0.177478447669944	0.457734602341566	0.454747232569235
1	2471443	2472443	2471476	2471504	0	4	0.385321511924269	0	0.336379219134329	0.602427208532866	0.970708597770011	0.972321418910169	0.320937557823676	0.779367076311144	0.233882961720234	0.398326485948217	0.420082946279783
1	2471943	2476943	2475222	2476312	0	1	0.416506302780315	0	0.980032385940337	0.269520490517861	0.32966137228803	0.703231136004266	0.976772077698162	0.570635052625819	0.93463526776439	1	0.971501648958733
1	2474943	2475943	2475222	2475739	0	2	0.738967925291247	0	0.859254123797876	0.176843261475804	0.111000635478592	0.382721175518293	0.911576006057864	0.608545969577025	0.907238363146659	0.864411316489108	0.714596950474762
1	2475443	2476443	2475739	2476312	0	2	0.435028809968418	0	0.980654463818951	0.476725236294428	0.221766773102992	0.603844739379422	0.98339759711428	0.532463451652176	0.790604575258194	0.99726283941559	0.980359440298363
1	2476943	2486943	2482398	2483628	0	4	1.54285058538008	0	0.813884405699585	0.913914963403873	0.438762625492517	0.470480982571452	0.0134800495323067	0.0941038883802248	0.45469954837101	0.921035867474158	0.700223146293333
1	2481943	2491943	2482398	2490088	0	4	3.57794305860098	0	0.756372386543482	3.39823735393732e-26	8.29706482519479e-24	4.5520925745215e-24	2.19271114822765e-27	1.38917342463349e-23	0.207323508288636	0.871502199226663	0.858141384662014
1	2482943	2483943	2483484	2483628	0	4	1.51769708342407	0	0.785673461808495	0.0696683634316302	0.713916664953605	0.746299955997527	0.0216745673092655	0.0707578557499617	0.597680499579269	0.876908028048757	0.748120942646669
1	2484443	2489443	2487286	2488994	0	4	2.63426858836865	0	0.817860144413515	1.2465220445577e-34	7.62539678623257e-33	2.84809117685696e-33	1.7700839275318e-35	1.9437549162458e-31	0.395550789014813	0.461364750873743	0.938604835422489
1	2486943	2491943	2487286	2490088	0	4	2.14703809589223	0	0.754225950370132	1.04807818611505e-27	3.23963246586573e-26	1.53268057323459e-26	2.30917925193192e-28	4.00172309209806e-25	0.296890927991846	0.610931917653964	0.910418089676134
1	2486943	2496943	2487286	2494203	0	3	2.18032038779347	0	0.89699805738501	3.40671609484416e-54	4.42756534702282e-55	2.24913515856768e-56	4.86666829631743e-56	6.64381956378583e-54	0.388039520358919	0.892638788456735	0.951118139350903
1	2489443	2494443	2490088	2494203	0	3	1.7981061203316	0	0.926430746383933	3.91398711540097e-29	3.61772360982486e-31	4.24277719892243e-32	2.66536288913804e-30	5.2587048113077e-31	0.635666796776372	0.936422270959396	0.956980800847043
1	2491943	2496943	2492641	2494203	0	3	1.79303714348448	0	0.978945068269426	2.4613591015315e-29	2.28032211060605e-31	2.65901200187737e-32	1.65103941442604e-30	3.61582651429184e-31	0.879083002646028	0.992873366608922	0.971044979505113
1	2491943	2501943	2492641	2501451	0	3	1.97309681459674	0	0.890974715326495	2.1747041349925e-30	2.0230726110078e-32	1.78669813236695e-33	1.67937621520916e-31	3.24926260464425e-32	0.557884003576026	0.871143841785794	0.946520169733486
1	2496943	2501943	2498714	2501451	0	0	0.179815070603112	0.179815070603112	0.584392219019443	0.584733801738306	0.943748418014664	0.780042363026374	0.904247671957316	0.884136857098282	0.480416783972563	0.515065620071005	0.720286333872005
1	2496943	2506943	2498714	2506686	0	0	0.535711306661079	0.535711306661079	0.28253167433031	0.953669291816665	0.970014999413473	0.971688824122114	0.964064146445658	0.970565023430364	0.465128796249104	0.251665302174575	0.203809077280015
1	2499443	2504443	2501451	2503125	0	1	0.268342630340749	0	0.68080081151097	0.523888203681568	0.97180974552282	0.971501231738243	0.972173192992869	0.973154032835834	0.582762768440459	0.634581311717463	0.778661891406979
1	2501943	2506943	2503125	2506686	0	0	0.654604996367151	0.654604996367151	0.207788710883502	0.934430048930944	0.95516340307759	0.972122845462179	0.938052067744284	0.931158154767506	0.292167803014984	0.221650302186695	0.149999534185715
1	2501943	2511943	2503125	2509281	0	0	0.412818072576993	0.412818072576993	0.374866900199129	0.969829002814335	0.969720274804792	0.972548878599961	0.962858366207314	0.970403201009029	0.387739906479149	0.312670636844699	0.434525955332147
1	2504443	2509443	2504752	2509281	0	0	0.524883745577039	0.524883745577039	0.286440643112313	0.95922035418461	0.969495281871028	0.972629365737259	0.949270697841373	0.954112695950418	0.217482255250106	0.260431345165533	0.432200986943987
1	2504943	2505943	2505645	2505899	0	0	1.07593957566139	1.07593957566139	0.052653785475938	0.388106786662274	0.62714674904042	0.854737509693767	0.732843938922429	0.365684107706993	0.0453836048086792	0.0730123408517728	0.0470143813891071
1	2505443	2506443	2505645	2506397	0	4	0.900512913008665	0	0.100862935032553	0.308425935807074	0.607334692538648	0.902720993249581	0.0763686611460185	0.614809889796674	0.199358121326285	0.0874372465662681	0.0740976324445487
1	2505943	2506943	2506359	2506686	0	4	1.62206720433103	0	0.944575910808627	0.967460187351041	0.297863136932027	0.803015266906978	0.0225512002479947	0.972301654013828	0.981914086567745	0.295956892637032	0.568999468210569
1	2506943	2511943	2508623	2509281	0	4	0.516548664690589	0	0.930875289637307	0.973621593204448	0.970555281295608	0.978529991652218	0.29594595060982	0.972212200088745	0.776809402535653	0.951277833366064	0.946824755879405
1	2506943	2516943	2508623	2512850	0	5	1.21036981249588	0	0.97425328322864	0.973469040063535	0.856330996842783	0.595281929073462	0.971826684988683	0.0598713440209492	0.712447617918425	1	0.928863146545714
1	2521943	2531943	2527085	2530021	0	3	3.1209913445289	0	0.235156643262821	0.0214658412210069	0.954906246883033	0.000617400562647585	0.815752409896708	0.972768865897783	0.332531881491411	0.205320373326842	0.199176133684621
1	2524443	2529443	2527085	2528562	0	3	3.34037204169172	0	0.21261707183793	0.0126740806151802	0.862211373202305	0.000364505918713398	0.79813549676817	0.910631676128975	0.362085048586047	0.184816665327008	0.160239961552004
1	2526943	2536943	2527085	2536501	0	3	4.263258106181	0	0.632556397221953	0.0618310138797503	0.450662394901146	2.45806415730687e-05	0.0162503977071485	0.819817943473241	0.821089885371522	0.366942415373541	0.557728530478464
1	2527943	2528943	2528294	2528562	0	0	0.184080341570596	0.184080341570596	0.635538271920714	0.977827798922971	0.971006305946823	0.979813667565912	0.809053826728477	0.691946747351697	0.85621165062933	0.452536965580882	0.339894390912228
1	2529443	2530443	2529855	2530021	0	4	0.867248149279886	0	0.473402701289763	0.969226325063173	0.969886210177524	0.97074971144436	0.13166569481611	0.97047853620923	0.73031819110773	0.379284886524182	0.298012431124032
1	2529443	2534443	2529855	2533792	0	4	2.51104685701368	0	0.518392386134772	0.772077976763871	0.212429594132646	0.0122691456498356	0.00159812872340803	0.579962804665063	0.600463364966503	0.583588519591159	0.37294403954298
1	2531943	2536943	2533165	2536501	0	4	2.81943925106802	0	0.723035150473373	0.697359426454712	0.167222428970034	0.00709963747933284	0.000876156211401025	0.578123728946462	0.42401807508279	0.679236363318118	0.860995088581479
1	2531943	2541943	2533165	2541089	0	1	42.9123357572999	0	0.778138827713189	2.78543809320514e-49	0.00101214535027017	2.27629879212543e-06	9.84012871185769e-12	1.03472785895065e-13	0.827350139519911	0.617888172144679	0.816301851609782
1	2532443	2533443	2533165	2533341	0	4	3.35595292912375	0	0.251607058299165	0.746849958472063	0.0572893555686594	0.00101640115674739	0.000110858727964902	0.443950659270064	0.161678447757684	0.363377457957233	0.302270021207633
1	2532943	2533943	2533165	2533792	0	4	2.77673026097522	0	0.470557058041044	0.737225636983554	0.148366484146104	0.00582434703409607	0.00078683203051555	0.584344890877496	0.400689163204225	0.579920890053794	0.433426388093085
1	2536943	2546943	2541089	2543511	0	1	41.0064875878258	0	0.762756982462063	3.62924664801429e-45	0.00477308371846485	0.000368386810182586	1.58474407374598e-07	1.06137321154165e-12	0.457426168398182	0.603413398936039	0.899101509489532
1	2541943	2551943	2543511	2551189	0	4	7.29585477876355	0	0.755908474395278	2.95650913217926e-06	1.73776157577077e-05	0.0638973448881349	8.79296635503124e-13	7.66980590150013e-09	0.712003446154205	0.727785508964292	0.808674214630219
1	2544443	2549443	2547432	2548313	0	2	0.608208485949584	0	0.401241007641833	0.976469142720319	0.18176826637309	0.544246806623879	0.97639196185052	0.73743976277435	0.40913288591214	0.370000770530938	0.426341664091989
1	2546943	2551943	2547432	2551189	0	4	7.63079508764785	0	0.579120233795304	1.59993848147799e-06	3.80047459314081e-06	0.0140629676607746	8.8928864272475e-14	9.38800592820144e-10	0.646200765834572	0.559939217641096	0.524238024995215
1	2546943	2556943	2547432	2556418	0	4	7.56010745601905	0	0.603544156976498	2.54426671117969e-05	5.14479838461535e-05	0.0887011467971435	1.4166445794217e-12	1.27462040921955e-08	0.836279158277143	0.413472883951596	0.357778547883414
1	2549443	2554443	2550587	2554051	0	4	8.46528582838613	0	0.615349076842117	4.8100053939848e-07	1.62056353536499e-06	0.01084559435265	5.55111512312578e-15	1.60387814140961e-10	0.387444287997141	0.768032245353813	0.617326681448158
1	2550443	2551443	2550587	2551189	0	4	9.37266195194921	0	0.704672375491918	3.09934167219694e-09	1.53730279617292e-08	0.000583453058320194	6.51774650110387e-18	6.15174577944799e-13	0.765761598960347	0.705878235036815	0.617871265668494
1	2551943	2556943	2551952	2556418	0	5	0.340244019747982	0	0.50632025997654	0.9732042110609	0.853987370665563	0.432581878649932	0.444032139027879	0.23130301081477	0.857021560797398	0.253150706041148	0.244598630174809
1	2554443	2559443	2555763	2556418	0	0	0.242601372238915	0.242601372238915	0.138788041290163	0.972046769303762	0.420665945672396	0.242634983806139	0.217099107750906	0.21189449901538	0.42186648039709	0.0832705167831662	0.123201392555788
1	2561943	2571943	2562787	2569461	0	0	0.910106884702942	0.910106884702942	0.0854154578087961	0.472387947890892	0.872505352964046	0.75929474610936	0.694453798365767	0.688701399192152	0.0330829736830498	0.256803761670364	0.388556550273943
1	2564443	2569443	2567221	2567702	0	0	0.555272644123953	0.555272644123953	0.179919870697141	0.646177414734738	0.972484446900911	0.37018528917755	0.53125322907641	0.970983704914687	0.100706110518818	0.19457835947558	0.422502060463821
1	2566443	2567443	2567221	2567287	0	5	0.265799248206681	0	0.520161336806318	0.700521169200952	0.94150578984576	0.836268682440523	0.798027386475127	0.432731537135026	0.412606382423447	0.429248777576182	0.693960631791609
1	2566943	2571943	2567221	2569461	0	0	0.722153566703491	0.722153566703491	0.114296514427183	0.743246684448024	0.948074551735662	0.585677141889055	0.602818473798632	0.596335502417223	0.0495255566459857	0.218302844731218	0.380142699820799
1	2571943	2581943	2577681	2580294	0	0	0.272533607416141	0.272533607416141	0.262302167684405	0.491287242864573	0.488822242547464	0.905593129009044	0.324145616933848	0.917294616396828	0.274507881862697	0.248963335717056	0.264407499605657
1	2574443	2579443	2577681	2578182	0	1	0.468791635855948	0	0.31424906813497	0.288865350585925	0.770264713220097	0.942200193352086	0.850133415904377	0.973512977451782	0.549851074681704	0.225830444547152	0.254192204810716
1	2576943	2586943	2577681	2584766	0	0	0.377891421501908	0.377891421501908	0.369913162050817	0.752709471120374	0.582283205782536	0.914109058810624	0.883062019020028	0.937118695102718	0.293379673160002	0.458975758681693	0.375935092794594
1	2611943	2621943	2618535	2620802	0	3	2.77749756275404	0	0.558535565851081	0.968473711401746	0.970212781819953	0.00161733593670643	0.968942040045455	0.969540297533517	0.464401057512926	0.67898395960505	0.51277138250786
1	2614443	2619443	2618535	2619393	0	0	0.35128355979865	0.35128355979865	0.431997182859173	0.969983785394704	0.971282555512179	0.969836203997099	0.96930681989741	0.970230298653464	0.313295884263644	0.563041525127778	0.441168930493255
1	2616943	2626943	2618535	2626228	0	3	2.3556008456141	0	0.616258575468219	0.970184345244616	0.968429472973084	0.00422035505193064	0.827377989578914	0.957083512171369	0.731210738291858	0.723163387541819	0.331425223571238
1	2619443	2624443	2620802	2623713	0	3	2.5003149993898	0	0.353320521920163	0.860217073790107	0.740169979920041	0.0023389259237071	0.401484941996558	0.918256618641344	0.573178706974922	0.396534516572382	0.198903565899263
1	2621943	2626943	2623434	2626228	0	4	0.259261075937261	0	0.607767667439797	0.930434242757127	0.605116320999558	0.868183609542021	0.47791482936684	0.884196359174409	0.848326721657275	0.554682663717171	0.241557088746359
1	2621943	2631943	2623434	2631774	0	0	0.698866596942542	0.698866596942542	0.187475006116805	0.937151864106735	0.971505733444743	0.887358571470045	0.74303972726873	0.975041247467775	0.532803460895652	0.173803455050041	0.104088082972104
1	2622943	2623943	2623434	2623713	0	4	0.519603852962158	0	0.310383356784254	0.97579072959747	0.579938460284662	0.863292191644536	0.260947992321526	0.882533605066337	0.683162521506732	0.312352126617749	0.146740478329019
1	2623443	2624443	2623484	2623713	0	0	0.687941689438417	0.687941689438417	0.121052649422961	0.701813709317375	0.402615733718005	0.590086920604871	0.245380028406145	0.890667180164384	0.287359543480659	0.092059416463812	0.0922134966386433
1	2624443	2629443	2626228	2629294	0	4	0.704262086214669	0	0.604861100937566	0.50661737655527	0.389206782886835	0.971897058591789	0.119507061917111	0.978530183679334	0.635274642889529	0.663724494885329	0.502552667561061
1	2626943	2631943	2627562	2631774	0	0	0.859059467132909	0.859059467132909	0.098175115370747	0.628122593047736	0.542010529655222	0.709677256681004	0.745657531288429	0.972616475212663	0.30754631860964	0.0693857255943529	0.0742184063820079
1	2626943	2636943	2627562	2632120	0	0	0.812718916547478	0.812718916547478	0.120348789504701	0.781916977547658	0.624457017140938	0.682228678993566	0.783529738829622	0.958216779200456	0.460103421035537	0.0816867580395901	0.0858782988195575
1	2629443	2634443	2630298	2632120	0	0	0.909303058183701	0.909303058183701	0.109961280972045	0.952334522725943	0.8557311854242	0.537870776359239	0.976918421067054	0.892365658337947	0.568147234115852	0.0808827052041864	0.0666885351517703
1	2629943	2630943	2630298	2630801	0	3	0.667510267640149	0	0.505130207026309	0.857619606828739	0.951118716935022	0.18440998547213	0.848561229800838	0.918533225692257	0.312106829848102	0.418007060048786	0.747070856552194
1	2630443	2631443	2630801	2631353	0	3	0.738353750077632	0	0.573677666208764	0.960876789566919	0.523251489335286	0.175514884595099	0.974692472133321	0.973401693048464	0.538337605892381	0.537288770764325	0.639424136485009
1	2630943	2631943	2631353	2631774	0	0	1.22660127626478	1.22660127626478	0.040087064239237	0.611520361738845	0.67546916486798	0.965387934748582	0.981534076495884	0.673648172924819	0.0660092985461423	0.0506837701674484	0.0249821886879051
1	2631443	2632443	2631774	2632120	0	0	1.54445914103185	1.54445914103185	0.0250395418090985	0.877173531801956	0.763370706320683	0.776574049277369	0.979651018684459	0.970251752275798	0.094997342087495	0.0151623781124615	0.0229759109115032
1	2686943	2696943	2689219	2695002	0	4	0.442468632354712	0	0.182683597837331	0.384815774556506	0.963274241141038	0.188044792052988	0.13892622476509	0.552545607964733	0.453025655829473	0.133871066989782	0.13282184826112
1	2691943	2701943	2695002	2701749	0	0	0.565934319659796	0.565934319659796	0.165346735506204	0.267905087749802	0.96988520461774	0.505430641806517	0.977354337499467	0.608597192474102	0.567338169891347	0.152523248821017	0.087721836796257
1	2694443	2699443	2695002	2697388	0	0	0.658064006619395	0.658064006619395	0.0791129316212702	0.232094329157074	0.478096944501846	0.228928358241409	0.977249977321781	0.360007447146899	0.905981157798968	0.0324068055981226	0.0591523645627063
1	2696943	2701943	2697388	2701749	0	1	0.437819886775904	0	0.230597317880503	0.227288474139376	0.691337411244225	0.622869836372683	0.98672923025197	0.515267423407629	0.693759159137623	0.266011472546711	0.0968992311239585
1	2696943	2706943	2697388	2704444	0	5	0.151827876147116	0	0.969945320596211	0.742772308778714	0.703796069538366	0.879689146012255	0.780494996106749	0.550227442453564	0.992222233744892	0.69125345741249	0.279997437987335
1	2699443	2704443	2701749	2703259	0	4	0.24857470890544	0	0.671445915703628	0.974952576915607	0.452492330442147	0.711561945313313	0.378822989946621	0.517048196812416	0.506666603578474	0.766597390023725	0.68604015252505
1	2701943	2706943	2703259	2704444	0	4	0.430278487647599	0	0.922916443623665	0.974761924704545	0.43816433119978	0.744416422024547	0.276399630146887	0.551713808745837	0.74175744242317	0.967190357930243	0.815567150942876
1	2701943	2711943	2703259	2707222	0	4	0.332918427114501	0	0.859125090052055	0.973741055522159	0.653019844605024	0.771607902477036	0.366672831187715	0.789218321976487	0.877948180265771	0.891865696322382	0.753410668068891
1	2704443	2709443	2704444	2707222	0	4	0.369471278568451	0	0.748921688457023	0.93838708881896	0.96565482173754	0.608974838335529	0.400784341224129	0.974024708406992	0.734901125799915	0.776859863559447	0.730708536111505
1	2706943	2716943	2707222	2716879	0	0	0.226462936096933	0.226462936096933	0.428152404959878	0.72120930930698	0.965628140037349	0.859661501293899	0.487010605507112	0.549875691298943	0.341201361814684	0.512882819420282	0.441915260329815
1	2711943	2716943	2716482	2716879	0	5	0.482930577620955	0	0.42552610596219	0.372942109208804	0.973386603862905	0.971834925702271	0.707444521430695	0.232681476005668	0.505080542699526	0.365415464846307	0.412800719965738
1	2711943	2721943	2716482	2717355	0	5	0.074644383257009	0	0.613536887398717	0.642439831324557	0.973449219847675	0.975516635455569	0.601481333350185	0.540988553443178	0.51538811606958	0.450911561185056	0.78207240740493
1	2716943	2726943	2717355	2726899	0	4	38.0182522884195	0	0.980379681001597	1.63749014348014e-10	2.13066729312897e-22	4.41091607683575e-13	4.22937804442313e-51	6.66133814775094e-16	0.983438085070882	0.988831631183101	0.736300454398173
1	2719443	2724443	2722575	2724181	0	4	37.387276110411	0	0.8712933250574	0.0138812281383216	1.20996512809057e-09	6.32827124036339e-14	5.69051773906506e-40	0.283305098058454	0.876329937470256	0.92536746620094	0.615867205103485
1	2721943	2722943	2722575	2722606	0	4	35.6290090767785	0	0.886030139596216	0.00376103949126239	5.01535590835545e-10	2.57571741713036e-14	8.83687713602932e-39	0.0406902507213878	0.946799748146391	0.822736949693069	0.643512482639567
1	2721943	2726943	2722575	2726899	0	4	37.5036957804058	0	0.9800025677754	1.36045952281449e-10	2.44391751831158e-22	4.20330437123084e-13	1.31793823939784e-50	4.44089209850063e-16	0.996102467381233	0.979314982014838	0.648219117721512
1	2721943	2731943	2722575	2731584	0	4	23.2419278897277	0	0.977408207447735	6.5374601811885e-05	5.02042851735496e-12	4.20203474504888e-06	2.40730850044178e-29	8.40056926243449e-07	0.966403752640901	0.996435580289912	0.739820607178041
1	2722943	2723943	2723541	2723544	0	2	0.322842054142557	0	0.800795590370106	0.258908769518539	0.207382699849333	0.43612861097719	0.355382117705986	0.779270822373759	0.869224428102761	0.796699455064557	0.649773802451362
1	2723443	2724443	2723541	2724181	0	2	0.268739873460451	0	0.757359756927292	0.336830086295535	0.277000711943533	0.51430501451094	0.394123059843681	0.861505683185601	0.796638190044801	0.811210016247286	0.596333799788669
1	2724443	2729443	2726029	2726899	0	4	7.14485008305112	0	0.857882096098793	3.40943954180162e-08	4.46309655899313e-14	0.0528607175684964	2.44249065417534e-15	2.88657986402541e-15	0.85567342088204	0.911642139064624	0.695469949050305
1	2725443	2726443	2726029	2726377	0	2	3.34807883734981	0	0.782531252751808	4.2007174183567e-08	4.9033221927175e-11	0.081355489911094	1.09287192295859e-07	3.32921690215926e-10	0.601723796561453	0.870446722686456	0.755467218248983
1	2726943	2731943	2729819	2731584	0	0	0.0174430431393146	0.0174430431393146	0.936408979247244	0.974784494997132	0.975520235616715	0.972218451382673	0.9792486718425	0.943289769095436	0.953409402688381	0.951517047979446	0.814646369411504
1	2726943	2736943	2729819	2735909	0	5	1.98224594748395	0	0.720543582243119	0.975397215888721	0.89977530190936	0.937687816396754	0.841485920487453	0.00937320510709494	0.496357572948561	0.855098901454923	0.63698356925577
1	2729443	2730443	2729819	2730437	0	5	0.458005763895697	0	0.842885006462407	0.943438841717439	0.943796681813338	0.817227794508406	0.751818989451577	0.293604403332741	0.84867667036569	0.896061701277667	0.690225998481507
1	2729443	2734443	2729819	2733908	0	5	2.3605379956245	0	0.92799622110737	0.979345542548673	0.972586803387599	0.879950499155625	0.788972847445056	0.00404583541926429	0.966379285050651	0.888089491892183	0.729106198242811
1	2729943	2730943	2730198	2730694	0	0	0.159193219592861	0.159193219592861	0.654723380056193	0.955360707575773	0.944606803776311	0.973931159849161	0.938595720507808	0.855554502256521	0.509055223169507	0.766637335217388	0.633596470106767
1	2730443	2731443	2730694	2731097	0	0	0.0709113241840586	0.0709113241840586	0.826025767869151	0.978424295267289	0.970230492646047	0.972534282687975	0.980715124938143	0.970597054855809	0.630754156867526	0.753221918422326	0.910813500187553
1	2730943	2731943	2731097	2731584	0	0	0.0476231493542257	0.0476231493542257	0.869804631057546	0.972831960994322	0.972414834103198	0.97061023138277	0.969167928270899	0.969200193092225	0.672336665531757	0.883170896649568	0.916375940498616
1	2731943	2736943	2733122	2735909	0	5	4.06031812910925	0	0.313396399016194	0.905788352460897	0.655416625146078	0.878817532490368	0.493151017657528	5.70426015584769e-05	0.295255402220322	0.370667690518895	0.282807905053652
1	2732943	2733943	2733122	2733908	0	5	5.71786080673004	0	0.468423443295946	0.982185309114929	0.631141893949205	0.636984955600847	0.509419682969859	1.20855439489365e-06	0.823222213323343	0.273786183332218	0.242319157487766
1	2734443	2739443	2735520	2735909	0	2	0.637893236431572	0	0.23608686210549	0.487905888581629	0.143978360056424	0.921179444204059	0.625446921145887	0.760946828409876	0.129974016332042	0.404754149315024	0.315516003451583
1	2736943	2746943	2742912	2743088	0	3	2.46027256378268	0	0.220591044682996	0.148244885493339	0.00814781612674009	0.000513697148727177	0.0525531609499874	0.979476285161215	0.143366950242777	0.305576048849897	0.276763483185603
1	2741943	2751943	2742912	2751880	0	3	2.18856263850929	0	0.132520670777902	0.42700119066478	0.0106904229038174	0.00145042527334238	0.223902012489767	0.975271686976034	0.0535783826203455	0.417565694205481	0.319924878958272
1	2746943	2751943	2751346	2751880	0	2	1.24260960544106	0	0.325589947704954	0.972348498603931	0.0493705210048363	0.594475060837284	0.863132194191257	0.919513811462304	0.212260703366543	0.457302288135764	0.371984495230035
1	2746943	2756943	2751346	2756835	0	4	0.723583008441862	0	0.170344019453715	0.975004846200186	0.19171744473627	0.594488428425744	0.112346719893851	0.912594971900648	0.0751694130540759	0.480800147148101	0.276811356813008
1	2749443	2754443	2751346	2753456	0	2	0.834156918165239	0	0.127888513132378	0.972999485436632	0.10334158995086	0.705394480656302	0.106212915693073	0.970711659627306	0.0621862654609559	0.311060248194885	0.204914450439632
1	2751943	2756943	2753456	2756835	0	4	1.13562816889688	0	0.250539995234102	0.97055747873828	0.973631527190765	0.443252443140325	0.0349439968947722	0.477530095015674	0.208066713680093	0.373124441464987	0.213145474303056
1	2751943	2761943	2753456	2761377	0	4	0.845442926371085	0	0.67248249427681	0.490710709821677	0.917582786255739	0.926205724745251	0.124084054130264	0.869278425118017	0.832809212770709	0.673703518608022	0.345671870187469
1	2754443	2759443	2756835	2757587	0	1	0.378878377108832	0	0.887473553476633	0.332194819781588	0.85403079994711	0.794824476954078	0.593771021733284	0.733374212042735	0.940381299032797	0.864771046027552	0.681837400681047
1	2756943	2761943	2757587	2761377	0	1	0.258414577668186	0	0.600345342014691	0.38081611596141	0.69044628453883	0.973977673339093	0.631980511227971	0.971086487555235	0.47030858173589	0.72649540152889	0.565787114865548
1	2756943	2766943	2757587	2764417	0	4	0.122405690324501	0	0.872837697147956	0.676856030362746	0.896199403648895	0.97428748873064	0.676081356795792	0.927079667409397	0.559626496989266	0.947415607210742	0.736405388172758
1	2759443	2764443	2761377	2764417	0	1	0.203206708507128	0	0.831140987457691	0.520556641082034	0.884254255565646	0.975615310409347	0.693395344100141	0.744188479336705	0.675133230165415	0.911381955227507	0.750389799569425
1	2761943	2766943	2762540	2764417	0	1	0.300073306138826	0	0.927334514298281	0.433035901699359	0.864166069100624	0.942417560901912	0.641004433831108	0.825421648087895	0.942927617773457	0.94536287364293	0.824524793483293
1	2761943	2771943	2762540	2771371	0	3	3.04208037672258	0	0.756920730796868	0.176661214150929	0.673863606262666	0.000228403084298057	0.251641543833695	0.244548645557909	0.798526030345101	0.765885178253132	0.686836068562582
1	2766943	2771943	2768283	2771371	0	3	3.21099182666895	0	0.620801625251407	0.0805343060703024	0.571958346088277	0.000109360413457771	0.177767338449138	0.120310015934747	0.728148667957782	0.544477689088788	0.558090608866848
1	2766943	2776943	2768283	2773474	0	3	3.17431694190198	0	0.970524717752167	0.131115837227187	0.635501437915774	0.000173575899427902	0.259302298378906	0.152893886030621	0.99485313429857	0.608928493115061	0.540601639960104
1	2769443	2774443	2770342	2773474	0	3	3.25124209390025	0	0.790456604905941	0.112257646434126	0.589953052339675	0.000149825282908411	0.267194306853325	0.131476480824243	0.917944498160201	0.554008129628364	0.472959282122349
1	2769943	2770943	2770342	2770741	0	3	3.55416494620061	0	0.371417979897933	0.0318506447479932	0.292560913428591	1.67331227177714e-05	0.0599434786382699	0.0296309943036449	0.396825070229726	0.30246233236561	0.427554547374493
1	2770443	2771443	2770741	2771371	0	1	0.907219874163521	0	0.489088935622985	0.0964371604504817	0.890474674007101	0.98090001258652	0.760665140430187	0.778868766409016	0.664453547653881	0.423648942288894	0.371698198797376
1	2771943	2781943	2773474	2778731	0	3	0.235426468225824	0	0.841341726373185	0.88562746241914	0.97591450982642	0.559562404424515	0.962221365462985	0.972579770855702	0.765298227233834	0.607303410247678	0.923135033375424
1	2774443	2779443	2777938	2778731	0	3	0.318200895401561	0	0.930788245045168	0.763099070544973	0.97832179603569	0.447352629599456	0.888653785978124	0.971233341201905	0.962105151784758	0.537802354889623	0.938364370026463
1	2776943	2786943	2777938	2786855	0	3	0.278789930036906	0	0.577466585146119	0.96607637780381	0.974044640881237	0.51102861000211	0.971035583517325	0.972113635835692	0.17327347125723	0.264612787447397	0.906580516412118
1	2777443	2778443	2777938	2777964	0	3	0.626894405209979	0	0.945085628790283	0.552509725998294	0.907725899785015	0.202369975059962	0.615921687961306	0.857117738945259	0.776685273006479	0.938003253027268	0.971047503247096
1	2777943	2778943	2777964	2778731	0	3	0.434062806399244	0	0.858355797512439	0.761032648608629	0.978958861449166	0.357140280194085	0.970290191990523	0.972090567825715	0.952994057109859	0.43974323922382	0.425015071148481
1	2778443	2779443	2778470	2778731	0	3	0.489444390382918	0	0.504602484570335	0.691172616897758	0.982513952502546	0.314354792217884	0.970207160970511	0.97158465441389	0.799693679722981	0.336130429254434	0.292228372165597
1	2781943	2786943	2782794	2786855	0	0	0.827706557887812	0.827706557887812	0.135846004657809	0.705471678089694	0.913594397959437	0.688490688488966	0.97383448242738	0.974100115853377	0.0579665058624108	0.142156148613138	0.736960814022291
1	2781943	2791943	2782794	2791862	0	0	0.919056516981447	0.919056516981447	0.101450383595583	0.831946181519938	0.925419656545482	0.139936123734413	0.930941599475975	0.841996353114183	0.0402436064841141	0.156333669543032	0.682388284747742
1	2784443	2789443	2786266	2786855	0	0	0.568255202362811	0.568255202362811	0.262770166426649	0.972369344340903	0.730683915223302	0.32249934133563	0.976010801412007	0.976452828095005	0.143233715112622	0.114922757990865	0.849179440238517
1	2786943	2796943	2791862	2796568	0	1	4.48189080376302	0	0.497990181882407	9.35565421100737e-06	0.00213915337729009	0.2837690102893	1.14294284034866e-05	0.416065282336752	0.402178732928402	0.64272243191989	0.442501781366787
1	2789443	2794443	2791862	2793062	0	1	6.11786915323375	0	0.519443764878626	6.52954015301077e-08	0.000521212437229801	0.0856548088275051	8.77916808139645e-08	0.126569512767629	0.435450368926118	0.623939813100458	0.493246337098514
1	2791443	2792443	2791862	2792171	0	3	0.582927321436532	0	0.48321443128068	0.646280607145079	0.83544792015834	0.218269001015564	0.971170302352912	0.842443016377897	0.489904081121642	0.510099376887069	0.450008229598422
1	2791943	2792943	2791989	2792171	0	0	0.195059440618681	0.195059440618681	0.526200682561903	0.764132237099091	0.82453832692819	0.805586090100167	0.972329839019555	0.937244047891489	0.641464196206232	0.476086745540517	0.451538748122877
1	2791943	2796943	2791989	2796568	0	1	4.58875239684274	0	0.522836715247101	8.69517717561053e-06	0.00185297801756601	0.337311255107307	1.04558686313538e-05	0.408048928133016	0.496311478233804	0.623793624731369	0.442512776791039
1	2791943	2801943	2791989	2801827	0	4	3.97949160155464	0	0.622337234643006	3.68739543716856e-05	0.00128621621136904	0.366596699419216	3.39132439366452e-05	0.323490056151357	0.613812329901798	0.73120560412328	0.484528538961127
1	2793943	2794943	2794772	2794870	0	2	1.16889243829284	0	0.644804008760619	0.980387684654498	0.0628470030793561	0.487802840343787	0.927207660464214	0.957229098969579	0.5036215342538	0.738591224475686	0.65394805577881
1	2794443	2799443	2794772	2799017	0	2	0.374988710252182	0	0.387011676614248	0.663144515632316	0.279652993164254	0.663416370542456	0.626971794027268	0.69745343196022	0.416510779577824	0.436176720886377	0.318719144598828
1	2795943	2796943	2796363	2796568	0	4	0.790028590885016	0	0.816996795057557	0.104645012649585	0.569624898877908	0.973204215041109	0.0923762596692619	0.328363916174075	0.953807297389101	0.293756662737233	0.191624310987255
1	2796943	2801943	2799017	2801827	0	2	0.778446251174506	0	0.825290165113167	0.813669068890669	0.102732984853893	0.539586661202103	0.616816748528971	0.241857175263532	0.925080914957739	0.662739389135742	0.555023086428248
1	2796943	2806943	2799017	2806627	0	2	14.6303745012789	0	0.683715664202566	1.53062108321222e-07	3.58503326561508e-22	3.36690453295319e-10	7.91966492386109e-12	0.091677325790865	0.753921165425974	0.703878054398328	0.557637785036685
1	2798943	2799943	2799017	2799565	0	2	1.07468612202103	0	0.440674837947671	0.817527162021234	0.020866290951318	0.167965369836713	0.135215872564081	0.247817162916575	0.854094607536974	0.208238009258434	0.210106671418203
1	2799443	2800443	2799565	2800093	0	2	0.691434621032681	0	0.518459626163736	0.975131519678983	0.134433187575708	0.660603875874799	0.348671221241426	0.82256183254744	0.491182943043233	0.476275906978545	0.585882014091012
1	2799443	2804443	2799565	2801827	0	2	0.72223024555019	0	0.65736126648279	0.816030010119357	0.124448409748077	0.656477123909479	0.616652027614345	0.329099080941635	0.543669888034971	0.750196048439942	0.641862647213018
1	2799943	2800943	2800053	2800093	0	2	0.453833210324042	0	0.826725408934536	0.97645781235444	0.342161242035909	0.379051109807455	0.972890637550254	0.978007578409979	0.817561075287548	0.873082563026368	0.755105442688734
1	2800943	2801943	2801086	2801827	0	5	0.719535449659168	0	0.889977360280813	0.428745026574766	0.204665219293701	0.763750468449463	0.974644286329864	0.145685403102579	0.876602014388543	0.938397109619454	0.710758727990722
1	2801943	2806943	2805151	2806627	0	2	14.9463519220846	0	0.519190382472238	1.19170961987436e-09	1.3483993144415e-24	2.06235029054369e-12	1.68753899743024e-14	0.0199761500854814	0.469526816691045	0.524486424368294	0.562843347582369
1	2801943	2811943	2805151	2811938	0	2	15.3661956131357	0	0.705307402473484	1.54284271202121e-05	6.63935728768055e-21	1.66976210635994e-10	1.76569869836385e-11	0.0132939179884386	0.874869409732617	0.504244234714362	0.4470955007932
1	2804443	2809443	2805151	2809061	0	2	18.8282014829064	0	0.772327234493534	1.31062813046867e-07	1.94660575153069e-26	2.79776202205539e-13	6.43929354282591e-15	0.00595541206860961	0.909162330370754	0.519223055574869	0.495042648827535
1	2804943	2805943	2805151	2805816	0	2	36.8675265699558	0	0.857832979225225	4.05508103129107e-19	5.50139675615098e-56	2.7897866429999e-27	3.70322764949751e-31	0.00926868632732214	0.916622312811243	0.843533228910942	0.687128377275983
1	2806443	2807443	2806627	2807328	0	1	0.639469668384889	0	0.527652022852861	0.0794373395373187	0.382865453370203	0.346333386105831	0.155630519605559	0.113580471988054	0.373185183246746	0.574204046901715	0.633204862832291
1	2806943	2807943	2807328	2807756	0	2	0.894464812695813	0	0.972962983394023	0.257090682649164	0.0946444870725369	0.742266968646877	0.916657935919323	0.233323557499231	0.860892831443908	1	0.788069621262657
1	2806943	2811943	2807328	2811938	0	2	1.95909939763987	0	0.474782887028194	0.771800790524082	0.000503108923288975	0.00859725009035084	0.0272717469098607	0.0457890272933148	0.574738590081929	0.445873066543424	0.405572760081279
1	2806943	2816943	2807328	2813794	0	2	1.7845143588284	0	0.842750144238277	0.476436834379156	0.0015872144308775	0.0341037333895995	0.096638451475028	0.0879860327315192	0.923772559458529	0.641495337507878	0.749756590444214
1	2807443	2808443	2807597	2808061	0	0	0.671520340800221	0.671520340800221	0.207078822903071	0.85018328562836	0.967030148706065	0.971977089903602	0.974988837440877	0.972892045618131	0.132593997519744	0.23732662356273	0.328302698564397
1	2808943	2809943	2809061	2809911	0	2	4.43632302356908	0	0.64479130314423	0.297689420956928	1.20284674220983e-07	3.63740948672309e-06	7.72112959590565e-06	0.00328498446332148	0.882019697407159	0.362766013126002	0.317418083706763
1	2809443	2814443	2809911	2813794	0	5	1.12767993241163	0	0.748309414382594	0.525308008678366	0.816949416180377	0.26405544552759	0.964700617446091	0.0557700811784957	0.695215570936546	0.660395224918954	0.831813183131991
1	2810943	2811943	2811917	2811938	0	5	1.4624854803083	0	0.458240086859562	0.139185280348463	0.156396156206184	0.0252499327665383	0.373001090561883	0.00539188467624363	0.652930433800836	0.371503908559748	0.355001856949882
1	2811443	2812443	2811917	2812149	0	5	0.866459032049775	0	0.395996497028516	0.106223527216369	0.0704387394430075	0.0160383618189337	0.518848479115319	0.014446468211591	0.438223810587932	0.395818372086382	0.357396882564353
1	2811943	2816943	2812149	2813794	0	1	0.506630661495118	0	0.823026309901769	0.297210329882679	0.75235805476671	0.972747129936383	0.954321177080394	0.958114959413106	0.497282734168945	0.834870915386191	0.900224974755454
1	2811943	2821943	2812149	2819086	0	1	0.160373686425909	0	0.82287387965528	0.671872213012928	0.911420694893593	0.973116946521879	0.97198679881916	0.972404197238787	0.886438141807755	0.510620053142581	0.858921308483839
1	2812943	2813943	2813107	2813794	0	1	0.707860583513577	0	0.867307524901441	0.178168684123785	0.705202483998964	0.975717561904142	0.909268102264331	0.921996923317864	0.726426161265932	0.848573071772963	0.921490774775204
1	2813443	2814443	2813610	2813794	0	1	1.19118683450923	0	0.875780331938557	0.0605264621951291	0.971281844713493	0.971537078231827	0.607550923407186	0.940009243922391	0.804542563346873	0.745299219047922	0.935966451212768
1	2821943	2831943	2827929	2831736	0	3	0.599423794920675	0	0.447362464447793	0.970622425296106	0.973014161361789	0.244133021470819	0.371810561273092	0.971648620721743	0.622040359666233	0.305815716825475	0.435625739743787
1	2826943	2836943	2827929	2834870	0	1	0.0988842392497716	0	0.627575897054653	0.514781387857552	0.646408525404638	0.85297225163625	0.683682704425917	0.584108418566561	0.783691216276783	0.528718487772312	0.481867118521761
1	2829443	2834443	2829736	2832679	0	2	0.147189970549848	0	0.37877191692587	0.343079548599226	0.332560683460476	0.692076590788592	0.706727633434811	0.466724796038683	0.537825495848537	0.308809185814735	0.319798855899795
1	2831443	2832443	2831736	2832411	0	1	0.424439645393406	0	0.645499702773913	0.175322125223795	0.181858480333244	0.475840303809731	0.465882472697882	0.305293224369913	0.855695757968143	0.446839661706202	0.37655809835365
1	2831943	2832943	2832411	2832679	0	1	0.606036816290516	0	0.740252931827393	0.160033600984111	0.271841451439222	0.821227307763951	0.646023020329347	0.2504353575603	0.910147103591556	0.441283312596775	0.368136375411468
1	2831943	2836943	2832411	2834870	0	2	0.280874045011564	0	0.801967169754762	0.378671234925167	0.363826117386914	0.926589704467451	0.694653001917836	0.365085816890665	0.909523037723344	0.687771804459508	0.528881932224049
1	2831943	2841943	2832411	2841256	0	4	5.79103078663556	0	0.902413208333112	0.00459019027078478	0.713866929799493	0.69306495173179	1.12135506880051e-06	0.0299301785902949	0.956111280466526	0.866513837115874	0.508638667092399
1	2834443	2839443	2834870	2839179	0	4	0.780944112132217	0	0.769052207989608	0.494374964916383	0.975166976062495	0.834430048353358	0.127353742294883	0.138219594469206	0.651964839342438	0.869756621674087	0.662281457162514
1	2836943	2841943	2837755	2841256	0	4	5.71913257596888	0	0.971214444310337	0.00459220945864991	0.724565009171886	0.545016519491186	1.04058387084827e-06	0.0317086049781339	0.992233253302996	0.788179381796044	0.496448536336623
1	2836943	2846943	2837755	2846597	0	3	12.6316304256421	0	0.612638806725132	0.00257614405062945	0.0251066358616749	1.11022302462516e-15	4.52173943399359e-07	0.00475379725408964	0.631955225897919	0.716965693456747	0.454742449349007
1	2838943	2839943	2839179	2839716	0	4	4.02082846295859	0	0.93298599257759	0.00298774560614568	0.351695492629093	0.0922693198043949	8.79485849192285e-06	0.0786965415075706	0.977446944170254	0.606999072576501	0.378590017192405
1	2839443	2840443	2839664	2839716	0	4	3.85137066337552	0	0.50903021653476	0.00478020091023734	0.250633815885389	0.0639403958069296	9.00336085352116e-06	0.0587401570607409	0.676416364948702	0.507492444852046	0.338149368800743
1	2839443	2844443	2839664	2841256	0	4	4.91327708253671	0	0.551757546771804	0.00548775227278986	0.418120416057449	0.330867054685743	4.0399542118319e-06	0.0653462156159275	0.577490757397802	0.631241197234633	0.439128839121517
1	2841943	2851943	2846597	2850666	0	3	14.2219420830386	0	0.481200046703004	0.861306675310738	0.0381832492483042	2.88657986402541e-15	0.52340628885644	0.203943744252586	0.246423438286503	0.568180986973322	0.678448449211552
1	2846943	2851943	2849978	2850666	0	0	0.15680709133584	0.15680709133584	0.674363192684238	0.977242784110965	0.967611339929793	0.930235476846972	0.969592279396869	0.966268680660539	0.511339616514614	0.63493387974172	0.796298222708863
1	2846943	2856943	2849978	2854986	0	2	1.25960299222608	0	0.56960070991266	0.669695047423145	0.0533481178568519	0.972968289096522	0.969889134811504	0.970920588969118	0.424251227602407	0.718225184627163	0.528973167616209
1	2849443	2854443	2849978	2853877	0	1	1.15524251307273	0	0.834427273853669	0.0660197770263763	0.943879527142314	0.971539673033627	0.938935892078532	0.969825758679644	0.919883039044584	0.752800413246696	0.601769793848279
1	2851943	2856943	2852841	2854986	0	2	1.03397943804334	0	0.338310807143122	0.126103680458149	0.0882454379993678	0.972454821029061	0.954270945344323	0.972429414585129	0.180034157853505	0.597087575773332	0.376278337554322
1	2851943	2861943	2852841	2857459	0	1	0.97108265791666	0	0.486227970421227	0.103706168709982	0.120079339298187	0.972588733513972	0.970258035172994	0.972225009184651	0.206407495204689	0.724497011325941	0.603880021351222
1	2852443	2853443	2852841	2853199	0	1	0.929701185851899	0	0.383079870912209	0.111636190076924	0.949524537724376	0.985243022700764	0.274846388364397	0.985191744067486	0.563867319063298	0.41341610902206	0.237941121419945
1	2852943	2853943	2853199	2853877	0	1	0.968260095728663	0	0.937224775775737	0.100828583274536	0.415330974820588	0.975368788103962	0.801846250096588	0.983420131104335	0.945231721637075	0.961248953540402	0.763127490725794
1	2854443	2855443	2854774	2854986	0	2	0.695163861445498	0	0.285277278081841	0.669228762102339	0.164161839581423	0.8136470825759	0.976398942249973	0.877201053233593	0.185378699238776	0.386493605493534	0.350326208197178
1	2854443	2859443	2854774	2857459	0	2	0.520812387733061	0	0.544764969272537	0.745077577282634	0.273648524630822	0.917732341956513	0.976632433674623	0.907832024433455	0.260776258711708	0.603917935856953	0.753245710712038
1	2856943	2866943	2857459	2866055	0	4	0.330978072637687	0	0.870845624111645	0.925048885700941	0.927372366998607	0.892986024333563	0.431704535808307	0.976907277644772	0.54224827125217	0.908373042168607	0.910747289727346
1	2861943	2866943	2862183	2866055	0	4	0.53579225431415	0	0.810017719145555	0.874920702871927	0.79475504280708	0.717282026393419	0.23588605371564	0.976570079927535	0.442863704711005	0.794308614230497	0.905545395011609
1	2861943	2871943	2862183	2869382	0	3	0.289653883991104	0	0.501004084524262	0.52157875322039	0.963989399659943	0.452100803745331	0.880824048018457	0.972693376395589	0.396098508354043	0.405926812770296	0.684012329142136
1	2864443	2869443	2865502	2869382	0	3	0.400266343689523	0	0.445790984554039	0.96880726341814	0.782670228084158	0.385159142539708	0.968069538831219	0.972997676461194	0.230525577350272	0.411600301508653	0.733207172048181
1	2865443	2866443	2865502	2866055	0	4	0.403670971357054	0	0.90316432490474	0.918276793845885	0.643798951529538	0.703921323284431	0.356529773458163	0.977582039669003	0.767528011800505	0.90119126946024	0.940870706600232
1	2866943	2871943	2868127	2869382	0	0	0.48854206538535	0.48854206538535	0.158842741756334	0.268119600226701	0.489225899167439	0.221864434453478	0.876135877833472	0.933991305457269	0.10200418717176	0.223749573978289	0.207410110955477
1	2867943	2868943	2868127	2868718	0	0	0.986147919377655	0.986147919377655	0.056484800219984	0.364970623749778	0.547116127038987	0.973336421915954	0.504141396069951	0.804023075999234	0.0306441844730022	0.0829862445857255	0.115875773139154
1	2868443	2869443	2868718	2869382	0	3	0.536462309963103	0	0.429246367751942	0.127352055406028	0.219702531653535	0.124808544610269	0.953357440574821	0.836002478713609	0.416480254709876	0.511207776668481	0.366810070221395
1	2868943	2869943	2869379	2869382	0	3	1.01453688662231	0	0.707502557876288	0.132456787536436	0.0711888216015499	0.0684212694699654	0.849641454087075	0.964456728326771	0.845072578924752	0.620419592089259	0.500763621218463
1	2871943	2881943	2878408	2879196	0	3	1.65010414545701	0	0.364859341988329	0.429340122546014	0.49719270986137	0.0111280894172255	0.774434846988469	0.881381768119951	0.876666885961855	0.138350504416921	0.173216325596823
1	2876943	2886943	2878408	2885471	0	3	1.16600340087101	0	0.440516375123853	0.394480189128121	0.949457375970731	0.0361107482417798	0.529224435442212	0.97031863617876	0.458498828212844	0.308001629546281	0.57878798390289
1	2878443	2879443	2879154	2879196	0	3	1.84767691192656	0	0.162906795985352	0.533015367043786	0.257972141868767	0.00756942374399738	0.757980762336485	0.799503350803361	0.291727844908074	0.117598378031624	0.14813479931799
1	2879443	2884443	2882727	2884256	0	3	0.64233861973507	0	0.981018057400889	0.202206194041077	0.973110924943691	0.153276662214304	0.205898265970732	0.672689508429606	0.982155009368873	0.989263768459871	0.890518480799917
1	2881943	2886943	2882727	2885471	0	4	0.389702731062589	0	0.658877509059864	0.416614733329547	0.934268977355876	0.307970966863169	0.268597491269485	0.840985746749916	0.401106584127089	0.585406307587836	0.829233558020433
1	2881943	2891943	2882727	2887015	0	4	0.305900399910231	0	0.687965211392422	0.762284995968216	0.979203697855577	0.42467602052291	0.340146555744602	0.686028699917486	0.424213827276624	0.684017874686892	0.822291271561348
1	2883443	2884443	2883758	2884256	0	4	0.632604252773564	0	0.974862260122759	0.910886946429892	0.851341785868536	0.629995970892039	0.198380827433002	0.726000242250292	0.893361828795453	1	0.904037852129822
1	2884443	2889443	2885471	2887015	0	0	0.483291459226756	0.483291459226756	0.298719731739284	0.922473495646321	0.97807470237282	0.600082876710311	0.908982181200726	0.559579894951156	0.212040308909652	0.297046412593246	0.44176106065436
