chr	start	end	actual_start	actual_end	signal	kappa	tau	W	P_KS	P_KS_k1	P_KS_k2	P_KS_k3	P_KS_k4	P_KS_k5	burden_MAF<0.01&MAC>25&Beta	dispersion_MAF<0.01&MAC>25&Beta	singleCauchy
1	2216943	2217943	2217097	2217698	0	3	1.38686895147417	0	0.698357458260471	0.689254150069708	0.907586662362512	0.0372408130059754	0.971365127067127	0.978602000055151	0.770769967929757	0.610998802864617	0.684062462787471
1	2216943	2221943	2217097	2220324	0	3	1.41067629746674	0	0.822632266150933	0.665824741866651	0.92075282140881	0.0357657025897207	0.954032717271152	0.972648407982942	0.924987092835275	0.604907084856867	0.595159211607472
1	2216943	2226943	2217097	2226701	0	3	34.0775840470528	0	0.0215505049651454	0.00000000000000000000000000484225426532157	0.00000000000000111022302462516	0.000000000000000000000000000000000000000000000000000000123153065491487	0.0000000000000000000000000000000000000000498061496315672	0.0000000000000000000014724117472696	0.796057048617394	0.0223233124712503	0.0101503230048678
1	2219443	2224443	2220324	2224362	0	0	2.48547425106654	2.48547425106654	0.0027270164642339	0.833992242587028	0.205983148078411	0.447570662080792	0.971191353678495	0.92960475829848	0.078801755285147	0.00133988761319093	0.00292972049612983
1	2221943	2226943	2223035	2226701	0	3	39.9320132598133	0	0.0097550398606584	0.00000000000000000000000000000000226891217289668	0.0000000000000000000687928595912192	0.000000000000000000000000000000000000000000000000000000000000000000588603591630523	0.0000000000000000000000000000000000000000000000000262359908890051	0.00000000000000000000000000503310705059208	0.806897306680484	0.00575652283686445	0.00723113054929525
1	2221943	2231943	2223035	2231848	0	3	27.3688578547559	0	0.0310152941625885	0.0000000000000000000000000000000000536688695323619	0.00000000000000000000142225571956954	0.0000000000000000000000000000000000000000000000000000000000000229543285109934	0.000000000000000000000000000000000000000000000000000000494280697305199	0.000000000000000000000000000000000000000000130038070404923	0.626219392337189	0.0363525307395441	0.0142058324566193
1	2222943	2223943	2223035	2223672	0	0	2.68560860067543	2.68560860067543	0.00153595015926578	0.744707493670503	0.0831172278439716	0.191631694220027	0.970542337742265	0.968642130354493	0.0107072017761225	0.000849241235838294	0.00146563254397192
1	2223443	2224443	2223672	2224362	0	0	2.43536716721635	2.43536716721635	0.00152837955500451	0.416484062250571	0.112692411319209	0.270086332215661	0.973049173366964	0.867944861122503	0.00274943741446547	0.00108971891337473	0.00146737947625353
1	2223943	2224943	2224362	2224757	0	5	1.71664716555235	0	0.131633050211772	0.908483495637393	0.977006919354862	0.915650157602491	0.870946273366054	0.0174449559181804	0.105731282244993	0.132158947777954	0.171856702657674
1	2224443	2225443	2224710	2224757	0	5	1.93102299163466	0	0.0501063854518618	0.754631595709718	0.979696525797962	0.849645144031119	0.867841325442375	0.00995897375796628	0.0258380352443993	0.0808430742151213	0.110807506691001
1	2224443	2229443	2224710	2229416	0	3	28.5537742838626	0	0.191180043396652	0.0000000000000000000000000000000000301069789232219	0.000000000000000000000572713587016864	0.000000000000000000000000000000000000000000000000000000000000000841187663092014	0.000000000000000000000000000000000000000000000000000000453112515574096	0.00000000000000000000000000000000000000000000362656263838398	0.0447777492733139	0.425317906661312	0.895020565169106
1	2224943	2225943	2225497	2225591	0	3	0.478895626984026	0	0.241972334110247	0.277953176045701	0.1785500216672	0.0922732917568496	0.979785411489422	0.566812652276347	0.357053122160689	0.186116333373277	0.226117056622963
1	2225443	2226443	2225497	2226290	0	4	30.3630059910548	0	0.355372846559942	0.00000000000000000000000000000000000428803081785105	0.000000000000000000000073048006740467	0.00000000000000000000000000000140820220530745	0.0000000000000000000000000000000000000000000000000000316666687245513	0.000000390249752069138	0.356961896335146	0.335706863817696	0.374622318473588
1	2225943	2226943	2226290	2226701	0	3	46.820012768639	0	0.832915340269625	0.00000000000000000000000000000000000000016741307529619	0.000000000000000000000000351646275739533	0.00000000000000000000000000000000000000000000000000000000000000000000000000000312887445628369	0.00000000000000000000000000000000000000000000000000000000000416134785864644	0.000000000000000000000000000000206728763208246	0.867920140854018	0.873641486272797	0.653888437803857
1	2226443	2227443	2226644	2227082	0	5	36.9660573241938	0	0.574543620417785	0.00000274270760747264	0.0000844360930389865	0.00000000000000000000000000000000000000000137700570516358	0.0000000000313771231219562	0.000000000000000000000000000000000000000000296566564978873	0.560763357183609	0.653320193275131	0.49990675853278
1	2226943	2231943	2227082	2231848	0	5	15.2533819416693	0	0.846458879835044	0.00000673777471393855	0.0000947905418455797	0.00427959922855414	0.000000000249413822928091	0.000000000000000000052891156607081	0.639078125063777	0.678906083216312	0.932326325775719
1	2226943	2236943	2227082	2236651	0	5	9.23851554183781	0	0.830200277436234	0.0203885738964427	0.0471248077508695	0.296639694185358	0.0000346491791013426	0.0000000000272103450882355	0.723463371675395	0.835263580307291	0.877893699933041
1	2227943	2228943	2228486	2228738	0	2	1.05254609702482	0	0.985875416493638	0.732224903427458	0.0648781411747343	0.467441549262527	0.642715314123744	0.935603554589204	0.980037895647153	1	0.98395190650521
1	2228443	2229443	2228486	2229416	0	2	0.787323947924721	0	0.929769935486563	0.806611823749393	0.147886232627072	0.90625766634376	0.514010457873873	0.976774242395269	0.459650704438546	0.657245773440923	0.97549649965025
1	2228943	2229943	2229416	2229898	0	0	0.450917721710685	0.450917721710685	0.34424144935127	0.870025717447739	0.974081845464699	0.972256562667364	0.685552455737009	0.974870009119426	0.688265419983259	0.237285328135699	0.222982787921198
1	2229443	2230443	2229600	2229898	0	1	1.6612027090345	0	0.136171865327395	0.0211722362571295	0.971751200111867	0.970441679099783	0.972042872689889	0.970409403837798	0.0877085924888585	0.174761509203344	0.196562496741706
1	2229443	2234443	2229600	2232921	0	1	0.984626732324036	0	0.630246889291606	0.0652956092506993	0.486690505264998	0.853808953310296	0.3674119571927	0.855381300027955	0.779664685173869	0.611251074767822	0.416149363615144
1	2231443	2232443	2231848	2232145	0	4	1.37218834673803	0	0.39008954334499	0.023744228332814	0.0292437931974906	0.973664024361655	0.016556783203828	0.964321182602417	0.273105261662407	0.414765768931706	0.518972600993937
1	2231943	2232943	2232145	2232921	0	0	0.227143674367513	0.227143674367513	0.414531294677923	0.870606819315509	0.453750830483518	0.699360334995629	0.973934683412077	0.545119609983819	0.297594744424096	0.517034584762673	0.455452053884439
1	2231943	2236943	2232145	2236651	0	4	0.0234467478482699	0	0.866287431134512	0.979672303081644	0.881252625890613	0.840572792763215	0.834936940618296	0.899341194847831	0.940667803440069	0.763860448431672	0.59940403762471
1	2231943	2241943	2232145	2241903	0	0	0.111726035681082	0.111726035681082	0.750983854742307	0.973177664178215	0.971307262473714	0.97223762720028	0.968390542098713	0.970323891965062	0.737795837105178	0.85116138933403	0.535517367542538
1	2234443	2235443	2234791	2235378	0	0	0.281259425559409	0.281259425559409	0.397435554120658	0.643470969983273	0.971140424971217	0.629187362150687	0.977463710750075	0.759497137809299	0.634045553073975	0.312896987257383	0.288533141626603
1	2234443	2239443	2234791	2237752	0	0	0.0743533791124406	0.0743533791124406	0.818132767171572	0.973979394126405	0.972254761112355	0.955022588030735	0.957163946891099	0.970905957917036	0.582236699042482	0.916183922195444	0.692837733061791
1	2234943	2235943	2234995	2235513	0	4	0.336722141926082	0	0.94372103727657	0.971883876401015	0.972202064401444	0.647111533621023	0.434631795982541	0.780835796308882	0.981212994142848	0.546382211293346	0.413232077381961
1	2235943	2236943	2236614	2236651	0	3	0.285233185742542	0	0.975386181839131	0.971409496212209	0.444477142756399	0.428223068321947	0.825853939338386	0.516836802681391	0.931441468641462	1	0.870842001426035
1	2236443	2237443	2236614	2237152	0	2	0.25556154413145	0	0.903271330396074	0.976400511200058	0.501483538858847	0.615864987901268	0.936992829663323	0.684297185036671	0.719127119098638	0.955008507544956	0.832055582155131
1	2236943	2237943	2237152	2237752	0	0	0.0511009190052049	0.0511009190052049	0.866752023446669	0.978532601485552	0.974980171066914	0.924293067862284	0.974672927622236	0.980232033674098	0.79324093768793	0.929031742973182	0.752469907935809
1	2236943	2241943	2237152	2241903	0	0	0.193191424839951	0.193191424839951	0.623823536267963	0.975121176934722	0.973314472525254	0.972344767243916	0.928013611332199	0.975273574549303	0.666402104574589	0.711311620539143	0.459203322688283
1	2236943	2246943	2237152	2246076	0	4	3.49619491897081	0	0.771316510335707	0.0106294210779561	0.00845876625823794	0.0206041203289826	0.00000339089773893075	0.000675738964903472	0.429663965947485	0.897904294095797	0.682539519375203
1	2237443	2238443	2237525	2237752	0	0	0.0903910553486257	0.0903910553486257	0.792145272743168	0.976454330802834	0.968591555283827	0.794965534271029	0.975429509695306	0.976091540470739	0.515069329153167	0.88649888876962	0.77753479318027
1	2239443	2240443	2240141	2240302	0	0	1.19554862259441	1.19554862259441	0.062047365823672	0.888976091741918	0.977192681792208	0.982407279533465	0.831291557150283	0.973356584609017	0.0330595640828292	0.0947839446153958	0.128416964127066
1	2239443	2244443	2240141	2242781	0	4	0.668172369998661	0	0.227308698608489	0.814404326902288	0.95927163421611	0.562332266730345	0.174850831686024	0.842322616914743	0.201423275011622	0.229776051384015	0.256166279143137
1	2241943	2246943	2242781	2246076	0	4	4.71659264446536	0	0.799488060759663	0.000124054925876749	0.0000932476103640001	0.000402358756801169	0.00000000238243669237193	0.00000358311154646795	0.490078994472733	0.875077837676535	0.83321021999202
1	2241943	2251943	2242781	2250206	0	4	4.49538579116147	0	0.844745951711625	0.000660348365501995	0.000235966492694306	0.00261320292262979	0.0000000211050952270142	0.0000263002446831973	0.907863373320022	0.810172407713613	0.719417317857342
1	2244443	2249443	2245321	2249426	0	4	4.3955572346704	0	0.805349383306747	0.000453198746348638	0.000156880304134743	0.00429611241028516	0.0000000182276829185923	0.0000188060676945545	0.869305955515019	0.753565035153297	0.743302519573347
1	2244943	2245943	2245321	2245767	0	4	4.46231089495361	0	0.723298069757326	0.0000647886483883253	0.0000474742300664577	0.000514923145203738	0.00000000223453944236951	0.00000199147257440302	0.537190206644298	0.709500227298122	0.826057574865406
1	2245443	2246443	2245611	2246076	0	4	4.96127151725057	0	0.662182862538723	0.0000344009885451246	0.0000195722505000884	0.000351114516067841	0.000000000376096598309061	0.000000788316144806345	0.499683500912725	0.649499377352403	0.774832788698831
1	2246943	2251943	2246990	2250206	0	2	1.55927241307941	0	0.439310334411148	0.884372380453364	0.024398479249635	0.978945522125179	0.873619649231328	0.975363354757655	0.4835490486878	0.431496441405187	0.404693039053853
1	2246943	2256943	2246990	2256365	0	4	0.356831920878734	0	0.792375811283748	0.797390825020686	0.917948572531658	0.94826470604868	0.403632780772548	0.943826369766686	0.63389095906302	0.705943703151555	0.888044580986806
1	2249443	2254443	2250206	2254354	0	0	0.21524542816894	0.21524542816894	0.591350862358948	0.959447904753119	0.971348036294506	0.957997724584585	0.972230324803497	0.970712590549281	0.0772549971651971	0.603616253090895	0.931673771075173
1	2251943	2256943	2252069	2256365	0	4	0.316532481392145	0	0.806663258989104	0.498058907429624	0.971121921124942	0.622314619851875	0.317361485678323	0.657789144355763	0.336988715990789	0.715786070764911	0.923369360884889
1	2251943	2261943	2252069	2260551	0	4	1.2398622962036	0	0.876443498751257	0.456104061780383	0.0559687140592931	0.95942808558374	0.0326985335126101	0.568055241862493	0.838684057734142	0.868127244018405	0.905292007206695
1	2252443	2253443	2252970	2253396	0	0	0.0300138041595316	0.0300138041595316	0.907815499940149	0.971141748286158	0.973263990581389	0.972011952859442	0.972772753115463	0.985312494589193	0.312390733656643	0.590824776125029	0.969611944810588
1	2253443	2254443	2254029	2254354	0	3	0.341119315752699	0	0.455869093417598	0.512901176142258	0.72229694657113	0.32930358837258	0.973780432981057	0.736861436600653	0.332491271989172	0.33672032887822	0.699787349200972
1	2253943	2254943	2254029	2254693	0	3	0.823410058204194	0	0.734646705792959	0.90169070960456	0.878519754538234	0.135409001871614	0.931821560353064	0.962714955389666	0.767893751656467	0.550814254350262	0.807145730686626
1	2254443	2255443	2254636	2254693	0	3	0.998817792622118	0	0.750259833118799	0.576862136834266	0.538462142812908	0.0578434571559823	0.538621750239068	0.90554363548764	0.523213874618396	0.708964394508958	0.862063209047452
1	2254443	2259443	2254636	2259288	0	2	2.15915890453729	0	0.6506095740903	0.00112066161428781	0.000181080567948966	0.0916973153342331	0.000428634572302133	0.0261234632875813	0.212413138181511	0.845510148271376	0.734840265761274
1	2256943	2261943	2257414	2260551	0	2	2.7117809940401	0	0.756779504548254	0.0878904482426071	0.000260729096770551	0.134267373725044	0.00132656598209513	0.965991798921089	0.28079870934062	0.861658760998809	0.838545774699166
1	2256943	2266943	2257414	2266552	0	2	1.22449110037882	0	0.0897290946530609	0.400065493310854	0.00797790804061238	0.8565365294973	0.0456861812096131	0.133776591508423	0.469088296816695	0.0650345347118714	0.0579150587488534
1	2258943	2259943	2259288	2259712	0	2	4.69349753353872	0	0.626825861107536	0.00297343162949781	0.0000121340314767071	0.243843811006853	0.73914049614492	0.599104595274506	0.463032047070516	0.753501193121607	0.609223456519016
1	2259443	2260443	2259712	2260221	0	3	0.0342470344652658	0	0.909458987038879	0.970694690466473	0.96986837091122	0.897089182205798	0.971557009557595	0.971902238843609	0.761430510586644	0.933975196254058	0.929403447070809
1	2259443	2264443	2259712	2263243	0	5	0.863711700970056	0	0.822750499214716	0.960380119483207	0.967704256668793	0.427129050651884	0.175027937488174	0.112604683309644	0.751589231030308	0.862511192008333	0.825651771976621
1	2259943	2260943	2260221	2260551	0	4	1.46367470383096	0	0.832453262952988	0.958261037477152	0.174522776021905	0.170798829332287	0.0254781244330752	0.741040865317047	0.57284497626576	0.702616830286246	0.925443641262524
1	2261943	2262943	2262103	2262663	0	5	1.20795807362637	0	0.529189586426478	0.54223724857318	0.620919283668774	0.302833635018611	0.794985840153263	0.0335916451690314	0.552655282501359	0.479746969081904	0.55441813061094
1	2261943	2266943	2262103	2266552	0	0	1.36623980610306	1.36623980610306	0.0282687716579774	0.656971823774681	0.297608562032668	0.67694923139661	0.712197900608657	0.0613842899914437	0.058614443657056	0.0229535011072077	0.0219495168172947
1	2261943	2271943	2262103	2271780	0	0	1.21407887293219	1.21407887293219	0.0387329336287606	0.904934060991713	0.429184526362671	0.942787244711772	0.634102206752995	0.104001535520945	0.0239103823525703	0.0612558048432079	0.0516160630310643
1	2262443	2263443	2262663	2263243	0	2	0.540741717695454	0	0.856255104092022	0.722748463337724	0.137653329149888	0.453365891718077	0.478110671122006	0.140382824394102	0.625155687382446	0.93606014495552	0.72598690472504
1	2264443	2269443	2266552	2268819	0	0	1.79075444266995	1.79075444266995	0.0137100904365327	0.541346892162525	0.846827128170729	0.973893551333319	0.797703045136626	0.946802526376757	0.010355728959766	0.014825546800857	0.0182453606204014
1	2266443	2267443	2266552	2267117	0	0	1.65600720140924	1.65600720140924	0.0170686467987684	0.470910597832451	0.75420257249883	0.922629656187876	0.773047701199779	0.883191643313853	0.046740873092316	0.0148711173319291	0.0114686753347828
1	2266943	2267943	2267117	2267876	0	4	0.272515777581247	0	0.864158540246722	0.792936967929533	0.864691009763703	0.974212882399891	0.461684363590401	0.973310216489171	0.807436574594787	0.900464154297717	0.856050362115499
1	2266943	2271943	2267117	2271780	0	0	0.417092727205222	0.417092727205222	0.347423082392472	0.976214645501235	0.907718937903471	0.974206630666082	0.397103069761266	0.393900563248968	0.205067967199512	0.594889022553511	0.343561781002003
1	2266943	2276943	2267117	2276283	0	5	0.877261385162944	0	0.629053289638851	0.228824866173676	0.910487203007202	0.809302960425834	0.452636243981517	0.0834499445954684	0.368748696121493	0.75557341416403	0.692125061528322
1	2269443	2270443	2269544	2269974	0	5	0.347012170776352	0	0.631506314977417	0.970912775256386	0.64552494321918	0.865888670205403	0.305261900419388	0.290335978729582	0.415441091700904	0.43872637080202	0.837231154765654
1	2269443	2274443	2269544	2273065	0	3	0.555046339676552	0	0.87335561028429	0.73711396016295	0.797914631183382	0.222284965165692	0.856923003726906	0.548899018926574	0.932606319279062	0.685795415486356	0.840464750634618
1	2271943	2276943	2273065	2276283	0	1	1.92808737866446	0	0.837691939318419	0.00707164684066264	0.831137975691692	0.0291376666294499	0.599249861685663	0.00754144014922653	0.751804363508976	0.780712349299855	0.90182352381896
1	2271943	2281943	2273065	2278919	0	5	0.964937586640357	0	0.756571755246626	0.0690066911590676	0.938920613149485	0.489875459838027	0.585374430290083	0.0634594292078663	0.511680352097545	0.773730842013769	0.847720941356695
1	2274443	2279443	2274847	2278919	0	5	1.1676054566057	0	0.804353139025088	0.0411102882254888	0.825733318457579	0.558027657972641	0.304439270188404	0.0379358891970841	0.739687525387804	0.732122458310338	0.875242536502577
1	2276943	2281943	2278783	2278919	0	0	0.257484643164978	0.257484643164978	0.534473234623538	0.966964665734457	0.969839828636152	0.969707822514161	0.963048155579701	0.965616995862041	0.552070690904735	0.515383766991749	0.535739065713548
1	2276943	2286943	2278783	2286519	0	1	1.26889489830428	0	0.876496781749085	0.0495589902775221	0.957656394409822	0.971042105584443	0.328001598728911	0.920486339470298	0.924544411186544	0.814949144355875	0.829017566997611
1	2279443	2284443	2282556	2283455	0	4	0.500073998256148	0	0.761607554830674	0.81208445811594	0.573736789745769	0.933710162708667	0.256759901658037	0.972117687639408	0.746982315759941	0.416963455483328	0.879445605644245
1	2281943	2286943	2282556	2286519	0	1	1.02231973514585	0	0.789753403981446	0.0713990814513374	0.751644285063065	0.970742118914416	0.303254587152418	0.725302325573027	0.587667802265131	0.788074834619604	0.869734277744376
1	2281943	2291943	2282556	2291371	0	1	2.33822734096343	0	0.676957166776553	0.0030127559464479	0.103592354675479	0.656434341647009	0.197687989413126	0.912019156964732	0.396067398421398	0.789878421705001	0.735764476983741
1	2282443	2283443	2282556	2283411	0	2	0.768174801035028	0	0.736646037165588	0.306370644830511	0.165543419648476	0.971670541968728	0.971090107015044	0.970703785483471	0.320621646539767	0.342071741924618	0.920716778409494
1	2282943	2283943	2283411	2283455	0	4	0.866040501201033	0	0.828174520990907	0.706658021200103	0.771078003352368	0.563364541802737	0.104968215217273	0.971400261029669	0.501739572612204	0.654854533644881	0.929982853201032
1	2284443	2289443	2284644	2288488	0	1	1.20605792414291	0	0.495565708697799	0.0419227232299925	0.804643856691891	0.985295984980659	0.673763391349538	0.586426766697148	0.324758620625931	0.68561592776019	0.472186663518373
1	2286943	2291943	2288397	2291371	0	1	2.42423084413476	0	0.426642310917668	0.00160632374380631	0.00718450321197417	0.537524986371448	0.175692224809245	0.807627609233014	0.513415300340965	0.524992567784638	0.28048013345819
1	2286943	2296943	2288397	2295408	0	1	1.8072731407586	0	0.725075565631874	0.0109782484666516	0.0303059112402573	0.447133769653467	0.704378670578494	0.956025778630601	0.791253000302518	0.709076135901009	0.645721376383866
1	2287943	2288943	2288397	2288488	0	0	0.526968570986818	0.526968570986818	0.220005766099159	0.972182124328804	0.710167475423004	0.971784169901729	0.717259168406942	0.740291280895738	0.30784310616549	0.291750123533885	0.137465741690908
1	2289443	2294443	2290367	2294175	0	1	2.31932950847285	0	0.691320391761141	0.00155115716724996	0.00907851818876093	0.323582713321549	0.194464698666964	0.973282034975954	0.331233052178169	0.793534768927239	0.794097415495985
1	2291943	2296943	2292825	2295408	0	2	0.213703822176439	0	0.661552095446575	0.974978965413059	0.554626775294121	0.602888759836057	0.974943056612774	0.907203368322545	0.276409604455324	0.695394390534264	0.839344321255006
1	2291943	2301943	2292825	2300991	0	0	0.0999711990975326	0.0999711990975326	0.766618454322884	0.888520009129762	0.968618155861503	0.949458104083023	0.965051452312986	0.970636270148404	0.816575545267366	0.646575396927238	0.790796575437108
1	2292443	2293443	2292825	2293363	0	4	1.10824908678906	0	0.36684965126803	0.971761622049282	0.970859023362833	0.640158423535375	0.0694790453991303	0.891462193465265	0.245134578986755	0.488294677842431	0.417310384409423
1	2294443	2299443	2295408	2299048	0	2	0.315138895568152	0	0.452016095650554	0.978106672978891	0.382920137723487	0.596688826528289	0.980307683393349	0.791128631119339	0.318983600025333	0.408549262353102	0.642162387546423
1	2296943	2301943	2299048	2300991	0	1	1.21172423907428	0	0.612334956760183	0.0471109651823491	0.948222480540928	0.767089858309445	0.0948314115767311	0.972479276244633	0.584147435490007	0.484048225749456	0.730507339077773
1	2296943	2306943	2299048	2306415	0	0	0.285532790200388	0.285532790200388	0.502213564543473	0.673863327273942	0.969217459262702	0.972905225797384	0.843353000291746	0.970000756259172	0.571002815821452	0.441707319387435	0.493390597429402
1	2298943	2299943	2299048	2299491	0	0	0.276734387257746	0.276734387257746	0.513714181787279	0.971529388545022	0.970296924932117	0.972666351746908	0.984673294722649	0.971201919538185	0.824108689019451	0.308361150956992	0.284225039900857
1	2299443	2300443	2299491	2300420	0	0	0.225827788938429	0.225827788938429	0.577063578847734	0.974931027908504	0.968347743834198	0.971291492121529	0.968220880586063	0.970624956877568	0.444045911351856	0.479084400375871	0.747475023653145
1	2299443	2304443	2299491	2304149	0	1	1.32157493209371	0	0.617488123732796	0.0407514864716396	0.918036557242622	0.960695290868623	0.634315703482999	0.85451243495493	0.629158405079784	0.566493338514422	0.652358268878107
1	2300443	2301443	2300965	2300991	0	1	1.84368547576278	0	0.552207543362034	0.0067970531163829	0.474248689582796	0.094216359387607	0.0374439080922234	0.539993352438044	0.334776128775292	0.349708345453618	0.820251862111975
1	2301943	2302943	2302461	2302563	0	0	0.281043834769782	0.281043834769782	0.253322547680244	0.289122167654393	0.483857728041992	0.980726222324223	0.679046068713676	0.423934168586294	0.170837327654411	0.373020026345049	0.278414740483906
1	2301943	2306943	2302461	2306415	0	0	0.526302009531145	0.526302009531145	0.243949456234326	0.819599838087408	0.793386203151377	0.975054125764918	0.689460114433454	0.826304991055803	0.16324878937681	0.336215836759386	0.290111434260103
1	2301943	2311943	2302461	2311279	0	5	5.54283806554676	0	0.395668736006034	0.421801255086914	0.528270899642789	0.586923544492814	0.487304674660589	0.00000139624783268566	0.509579850190824	0.534244025994366	0.226709510826485
1	2304443	2309443	2305862	2308483	0	5	9.43390953963624	0	0.916152724885719	0.0149257307194104	0.128460213449874	0.0504918362314146	0.0932476517378369	0.0000000000343343131703477	0.980373600821104	0.116326510017982	0.122891184125293
1	2304943	2305943	2305862	2305918	0	0	0.803569944716708	0.803569944716708	0.153045664151785	0.986159127052469	0.683983573235412	0.973623337063142	0.502317406944402	0.975033180674256	0.0920421936122389	0.221605314954792	0.222019953538643
1	2305443	2306443	2305862	2306415	0	0	0.611582976557624	0.611582976557624	0.238263355663177	0.975712832375889	0.708773255006059	0.974182291045509	0.422710045806543	0.983473006416176	0.248271986268441	0.225596812824733	0.241863294347565
1	2306943	2307943	2307717	2307769	0	5	16.6399773302641	0	0.0259234653556808	0.669703347477503	0.0172842235406058	0.191094165616022	0.021977741827868	0.00000000000000000059390328265575	0.0174104656792601	0.0315453729934165	0.0375698805425714
1	2306943	2311943	2307717	2311279	0	5	7.28837034783205	0	0.516397265554606	0.107649095193764	0.473240612374779	0.17917066986257	0.53993879373706	0.0000000243619282525032	0.778254919574858	0.613605424891453	0.19598045356176
1	2306943	2316943	2307717	2316259	0	1	52.8927072292065	0	0.818817903370237	0.0000000000000000000000000000000000000000000000000000000000000000000000000000000000754368606427469	0.0000000000000000000000000000000000000000000000000001511825591499	0.000000000000000000000000000246578781921812	0.00000000000000000000000000000589238120875347	0.000000000000000000000000000000000000000000000000000000000000000000000000000144860277040643	0.535139698647688	0.903409812562005	0.800848654072088
1	2307443	2308443	2307717	2308171	0	5	17.0612563127958	0	0.0887657679445365	0.000056695498514614	0.00404784732703889	0.000625966408525081	0.0101270386734991	0.0000000000000000000351534384590357	0.0979789988223932	0.0917997100043922	0.0787110028124269
1	2307943	2308943	2308028	2308483	0	1	4.2386362175985	0	0.578442752849382	0.00000573486507193799	0.167700900427447	0.000549276542120336	0.0867217663036679	0.0993480671115552	0.482581176879109	0.6934115492038	0.536143687392477
1	2309443	2314443	2310553	2314250	0	1	50.6390301692094	0	0.973382154914824	0.0000000000000000000000000000000000000000000000000000000000000000000000970517026395618	0.0000000000000000000000000000000000000000000000072277243843776	0.0000000000000000000422701051435963	0.0000000000000556221735337203	0.000000000000000000000000000000000000000000000000000220636845784025	0.901312910057813	0.993797882447342	0.724235092085926
1	2309943	2310943	2310553	2310748	0	0	0.100218668535989	0.100218668535989	0.772185771800141	0.983296903513933	0.970320599515512	0.972613881400417	0.973142626954366	0.968137901095897	0.570313452597766	0.884404455389372	0.670665512320112
1	2310443	2311443	2310553	2311279	0	0	0.02419832484558	0.02419832484558	0.919493462143552	0.981641513711413	0.972180644898766	0.970402357394361	0.972213372672627	0.969552907440084	0.621496075470729	0.969060370591313	0.741917272697912
1	2310943	2311943	2311157	2311279	0	0	0.0307450046494092	0.0307450046494092	0.905368321130766	0.976342224411768	0.972784840817063	0.969995657989071	0.971785241382522	0.971180379119251	0.903279191510023	0.940597228277507	0.792075866629144
1	2311943	2316943	2312479	2316259	0	1	49.4304560538721	0	0.947023590574526	0.000000000000000000000000000000000000000000000000000000000000000000000000000000283427673666963	0.00000000000000000000000000000000000000000000000000229112417697815	0.000000000000000000000000000685379493405723	0.00000000000000000000000000000763656945502613	0.000000000000000000000000000000000000000000000000000000000000000000433867211474576	0.536816343666331	0.968473902534091	0.958779810842215
1	2311943	2321943	2312479	2319933	0	1	51.0647570421078	0	0.946806279145508	0.00000000000000000000000000000000000000000000000000000000000000000000000000000000192372339546163	0.000000000000000000000000000000000000000000000000000136433009983536	0.000000000000000000000000000220771775431699	0.00000000000000000000000000000223305628017271	0.00000000000000000000000000000000000000000000000000000000000000000000833826183011219	0.906040537542845	0.966495156365514	0.937537440091731
1	2313443	2314443	2314100	2314250	0	5	0.99565910788476	0	0.854171649154231	0.473766984609166	0.447778031775938	0.787887608766849	0.984187048620325	0.0795802249490264	0.631674020391735	0.933990906151462	0.731805877110266
1	2314443	2319443	2316259	2318871	0	4	15.1005386517396	0	0.946554233568095	0.00000000000941913214091983	0.00648188790931004	0.0000000000140649714097663	0.0000000000000000000000000111583557118767	0.0000000000000000000000251562025416789	0.704124248534446	0.881112257174733	0.97793178390823
1	2316943	2321943	2318871	2319933	0	1	0.63283325939619	0	0.397338741449179	0.172725149145179	0.783167941141766	0.70326744634141	0.847850988785245	0.741632640790842	0.280813113471369	0.527641779257559	0.417054168601698
1	2316943	2326943	2318871	2326612	0	3	4.00754244565512	0	0.44865339406415	0.042778379750628	0.785662250877845	0.0000227169449595888	0.000669448198089673	0.23114918762358	0.535679616047374	0.534177334381631	0.303786947833815
1	2321943	2326943	2324726	2326612	0	3	3.93130877907974	0	0.276552232316709	0.0298886699994118	0.834951308437529	0.0000137950569906176	0.000368886495060283	0.117769349998835	0.190450853828253	0.455535148481376	0.261632369120515
1	2321943	2331943	2324726	2331201	0	3	3.76870654008345	0	0.217358273380436	0.087504679965583	0.854246490174329	0.0000370228319259702	0.000989657288402501	0.318797553592259	0.10261450623812	0.505283815717558	0.303242857479656
1	2324443	2329443	2324726	2328949	0	3	4.0003867046514	0	0.285964188677628	0.0482078980258209	0.80066928163445	0.0000181473634818241	0.000502669240019182	0.181635294600424	0.175304332975764	0.493211623519898	0.297443704867945
1	2324943	2325943	2325544	2325758	0	1	1.16376866729062	0	0.201986618704039	0.0442471310463707	0.984753382777308	0.84246170116639	0.645139723707397	0.251811271865825	0.302437815991331	0.234712622507144	0.132626518533883
1	2326943	2331943	2328863	2331201	0	0	0.402163604089219	0.402163604089219	0.385156533788105	0.972301316328639	0.975106304112974	0.969774105201486	0.846124855320937	0.976338371593666	0.337414341919086	0.452107357238162	0.373448795737001
1	2326943	2336943	2328863	2335858	0	3	0.505295168058853	0	0.318666893147751	0.758739112716664	0.630128263108327	0.100505964952737	0.321726626856728	0.301895832809025	0.426079851661462	0.280882130860967	0.273471261184387
1	2328443	2329443	2328863	2328949	0	4	0.944292524640538	0	0.518464804756243	0.904367198865195	0.906389428408406	0.281452782655851	0.102814005158279	0.904507106147953	0.687479097292532	0.456935292473501	0.390644055272381
1	2329443	2334443	2331201	2334136	0	4	0.511026255183041	0	0.248618103604555	0.546713618736993	0.90789872108445	0.974785363151059	0.168551894074815	0.424451030894975	0.562441104530516	0.185682726976769	0.168469147756751
1	2331943	2336943	2332026	2335858	0	3	1.04442710707181	0	0.42349191984585	0.724882051881094	0.137679037006526	0.0247123296596563	0.27374159653036	0.160398492438215	0.856483176867045	0.187565579161308	0.208135077733565
1	2331943	2341943	2332026	2340859	0	3	0.64929923493787	0	0.448021606803725	0.96567473620883	0.802436156577067	0.159960607784022	0.569295778379396	0.713365793223787	0.549163597783669	0.491095007999876	0.322881101133623
1	2334443	2339443	2335858	2337875	0	3	1.24900441985994	0	0.657534586665896	0.58035194098609	0.785433452645387	0.0370607481322925	0.97188958370079	0.446730983819625	0.565721469157654	0.773207728774767	0.578605188508216
1	2336943	2337943	2337509	2337875	0	0	0.266961798263381	0.266961798263381	0.524668604862981	0.973008237878444	0.980272692420941	0.554488543609679	0.970167843951896	0.969676018618184	0.407256772731474	0.644931415539312	0.51375228393213
1	2336943	2341943	2337509	2340859	0	0	0.267958205215741	0.267958205215741	0.523996913160204	0.971151384846429	0.975594106569871	0.924028558768037	0.939921789279472	0.976886431584687	0.381291018668914	0.700230483871437	0.465185707494532
1	2336943	2346943	2337509	2346867	0	4	14.8610868336008	0	0.716554181436611	0.0000851140780565585	0.00000000000000000104431598875986	0.00000563946658149739	0.000000000000000000117196479423203	0.000137889201606067	0.876246130648039	0.576679545709705	0.419249785311118
1	2339443	2344443	2339624	2342248	0	4	15.5116216851453	0	0.555805940041049	0.00000682473036595077	0.0000000000000000000151184405633785	0.000000539834468682443	0.00000000000000000000210118268178048	0.0000140219059308055	0.823017711724446	0.350728791826151	0.334802998846832
1	2341443	2342443	2342160	2342248	0	4	13.651343982918	0	0.325223303079117	0.00000341286752547632	0.000000000000000000420750385331901	0.000000358120584187382	0.0000000000000000000761685078908009	0.00000691149479914444	0.52944768151222	0.242432208796362	0.270367479496679
1	2341943	2346943	2342160	2346867	0	4	15.4283018671019	0	0.315646853148397	0.00000587014817476916	0.0000000000000000000187390894951313	0.000000562292547523491	0.00000000000000000000218951132957982	0.00000985499749950325	0.253703293683105	0.333610827684501	0.376492812993955
1	2341943	2351943	2342160	2350923	0	4	14.0546121985685	0	0.914933781383396	0.000448325868382948	0.0000000000000000339890496014299	0.0000258912340055373	0.00000000000000000355598978996471	0.000403248447384152	0.965633128573288	0.787595147842142	0.637714937245502
1	2344443	2349443	2346171	2348747	0	5	0.769031499631888	0	0.863845996472989	0.971634739838757	0.962231135770254	0.737945088772382	0.890540402381182	0.151573098214407	0.81830203926897	0.92311925898893	0.74412362433578
1	2345943	2346943	2346171	2346867	0	0	0.290678592243423	0.290678592243423	0.42478792527652	0.927647808401255	0.705127647424667	0.944227397174112	0.590860308471876	0.829565639899359	0.302507799167415	0.477790550584124	0.519744689694329
1	2346443	2347443	2346867	2347378	0	1	0.110831126987267	0	0.981709501815803	0.729465528825788	0.897803002136372	0.950694254531742	0.941533768856971	0.858172594104653	0.98296695142396	1	0.827511138256242
1	2346943	2347943	2347378	2347455	0	5	1.18138580812093	0	0.926677461650037	0.802187483177798	0.8858218942801	0.890794229886419	0.911681055900826	0.05866669017364	0.791257809865424	0.96660593982886	0.852149581352161
1	2346943	2351943	2347378	2350923	0	5	0.745193359512475	0	0.798810840155948	0.971311212012041	0.962447744489959	0.539740273385619	0.935973392502	0.168294585379803	0.362543741473923	0.908932865145458	0.773300468416928
1	2346943	2356943	2347378	2356356	0	2	0.901627543031245	0	0.891663720458823	0.969894622829024	0.121645769097673	0.738896395996944	0.971898648145799	0.97042097656048	0.367599082247709	0.961446144047364	0.693840965442427
1	2349443	2354443	2350512	2353792	0	2	2.04759647027388	0	0.59339524413099	0.975111979864911	0.00869241741017657	0.967844535067012	0.969922520467713	0.971238821188974	0.269300701251287	0.784251032960776	0.659991037706195
1	2349943	2350943	2350512	2350923	0	2	0.411695251959697	0	0.55046144112168	0.972732017254505	0.330772163122563	0.853540642264396	0.639861635996788	0.879813466284113	0.389216602113241	0.591016045085874	0.659674966684005
1	2351943	2356943	2353470	2356356	0	2	1.63507982074133	0	0.745941639921313	0.924566075657514	0.0214219071918078	0.61938244471323	0.931692905035038	0.97464962907994	0.738926939214143	0.82896315657881	0.596647906584906
1	2351943	2361943	2353470	2360589	0	3	23.8629138174987	0	0.793262874648636	0.565730425855265	0.00354824870319337	0.00000000000000000000000108590267384501	0.791962686157959	0.973082086719925	0.711906005176813	0.887770121242458	0.633937307937786
1	2352943	2353943	2353470	2353792	0	2	2.34942258995454	0	0.647659694871797	0.970750053530755	0.00434195015207062	0.972968769065734	0.969374530325176	0.973736522200356	0.493626246103742	0.745138660772863	0.660306764049109
1	2353943	2354943	2354608	2354822	0	1	0.069579477782321	0	0.701349221401966	0.676757517370979	0.741166334401263	0.972339942793876	0.794351219037311	0.9664121559455	0.533942243986537	0.804121122557752	0.689551103504077
1	2354443	2359443	2354608	2359033	0	3	36.7290917511298	0	0.614966842304275	0.180647968766877	0.0000349211962347162	0.000000000000000000000000000000000000114751916901397	0.681284305890831	0.897882206410882	0.618168911894644	0.70095057876887	0.504088303592435
1	2355443	2356443	2356253	2356356	0	3	0.369920549336081	0	0.597495125896623	0.678097486652803	0.978342453721827	0.289315422633123	0.653993456260362	0.9750902785675	0.790309227460146	0.482683382501102	0.410565548280275
1	2356943	2361943	2357528	2360589	0	3	22.7079647081134	0	0.773431000708253	0.349378324518079	0.000485475089633369	0.0000000000000000000000130239044931383	0.664822808888404	0.760777663169599	0.860695982056982	0.701120595596384	0.674009737829418
1	2356943	2366943	2357528	2366279	0	3	26.7104088825188	0	0.84668742355888	0.107524995238216	0.00000127109302883177	0.0000000000000000000000000000239574805487183	0.00165916849245218	0.0122984400010506	0.59169188664735	0.915022574786567	0.837579831065722
1	2358943	2359943	2359033	2359725	0	2	0.797437387457124	0	0.696950865822374	0.8063437036106	0.111112974668551	0.525202745921588	0.75819287997859	0.648538330642554	0.42981072975026	0.782345999513077	0.769833038278557
1	2359443	2360443	2359462	2359725	0	2	0.630005939811525	0	0.972862615745055	0.573325793110615	0.139300945096714	0.934160631410698	0.594237428562702	0.301506802541099	0.78072937502912	1	0.856657945673066
1	2359443	2364443	2359462	2364197	0	2	0.489828238591776	0	0.936020570984565	0.968808109703018	0.305790314919969	0.971114351869685	0.886950879173039	0.944608751336197	0.974009148620234	0.800055124691624	0.769036775427695
1	2361943	2366943	2363119	2366279	0	2	1.44132232405435	0	0.834198345442868	0.172112916820307	0.0000383693270706864	0.000159919454571611	0.000140528534154249	0.00106000156526465	0.590100693800227	0.875037767034442	0.879883914080006
1	2361943	2371943	2363119	2371819	0	3	9.24176871934419	0	0.749361019948395	0.696301710643371	0.00466443837042907	0.00000000000267319499869245	0.000147116458636187	0.000000000208697059633778	0.783448393080569	0.810440004272999	0.585817025505016
1	2362943	2363943	2363119	2363871	0	2	0.409873163928328	0	0.540192295354572	0.970183252998138	0.299603253675961	0.769874064543306	0.915081478679734	0.661196188362673	0.437006194716296	0.431279519595579	0.714905702623996
1	2363443	2364443	2363871	2364197	0	4	0.326050462847531	0	0.57912967183244	0.950396072176277	0.942740029197328	0.97597859669408	0.448594732742902	0.98045320630881	0.565731287667882	0.558131147179666	0.612063564629111
1	2363943	2364943	2364197	2364780	0	4	1.1787050002103	0	0.796835373119912	0.284772409677582	0.972689279561126	0.971448161459865	0.052803608793537	0.550819822728201	0.607785636770984	0.891028518054216	0.730742717340291
1	2364443	2365443	2364780	2365062	0	4	0.776946874333799	0	0.901236754839854	0.145547873510707	0.973129173687483	0.241338568012726	0.109173292667656	0.653225730414377	0.962321817783718	0.70774454224809	0.55778942823712
1	2364443	2369443	2364780	2369231	0	3	10.6684364280461	0	0.962937916849206	0.530127836321323	0.000144878749641864	0.00000000000000310862446895044	0.00000307535661037139	0.000000000000407229805432507	0.943958225944995	0.981941506048896	0.875287321572483
1	2364943	2365943	2365062	2365645	0	2	1.32345286332501	0	0.898279851372037	0.00653078015754249	0.0000002090440567315	0.00000112592719492266	0.00000310666358704914	0.00000440241204557879	0.95852310852982	0.765696281955464	0.601838689570498
1	2365443	2366443	2365645	2366279	0	2	1.43059615723564	0	0.873253360570286	0.0129490625677814	0.000000351144424870498	0.000000962416519811882	0.00000188279953072801	0.00000946415696922998	0.727602036566266	0.686721740899547	0.943739388545133
1	2365943	2366943	2366228	2366279	0	4	0.566669463383103	0	0.8812772830628	0.448230111923327	0.558418095966534	0.266734226388071	0.151457233610392	0.830198087386179	0.39939450122587	0.47445200769438	0.960777300290864
1	2366943	2371943	2368814	2371819	0	3	7.83519299662301	0	0.271092712475702	0.975884042510558	0.974007508569557	0.00000000396209465236552	0.11838035368045	0.000000048011353226407	0.366965885111707	0.534500985138912	0.130988269511302
1	2366943	2376943	2368814	2376524	0	5	7.39282659799434	0	0.570119114226697	0.900517999815398	0.170949096220964	0.0000010052495731383	0.0152975647509686	0.00000000691895030158207	0.65327045155581	0.78687346824912	0.232830223214479
1	2367943	2368943	2368814	2368912	0	5	1.32633535952323	0	0.971628457652033	0.968917096980512	0.972203187961237	0.97037565655567	0.969526544500645	0.045772489475615	0.662780850226863	1	0.777168112789242
1	2368443	2369443	2368814	2369231	0	3	9.57353898965623	0	0.948598634705679	0.950183192639094	0.916098202329932	0.000000000244569919871651	0.0311907377065402	0.00000000354010476488753	0.84197649702323	0.979379595481775	0.772860900453623
1	2368943	2369943	2369130	2369662	0	3	9.15968764955214	0	0.876855680633921	0.958088016858946	0.871156487906953	0.000000000603126659726172	0.0287256092411468	0.00000000818782219802472	0.854386636831541	0.929073808845333	0.736581297168454
1	2369443	2374443	2369662	2373856	0	2	1.28279820244361	0	0.270439547626149	0.707989868342433	0.018512382296781	0.887058540655776	0.352548219638548	0.355026288838467	0.610859661069495	0.40808471473179	0.112771511977876
1	2371443	2372443	2371819	2372434	0	2	0.768081484184424	0	0.615193894069235	0.377192647739953	0.10493745618877	0.266416479017894	0.906125574831671	0.944230050806713	0.457038936023979	0.732572384156462	0.614312257881242
1	2371943	2376943	2372434	2376524	0	2	2.42335164527925	0	0.859192694882871	0.555071196300126	0.0020940982133949	0.969888779173558	0.0345883833441714	0.040431084819434	0.620277055818934	0.941743069644728	0.656096183473164
1	2371943	2381943	2372434	2380702	0	2	1.36256331824109	0	0.715426221149251	0.670359516116637	0.0290900495211339	0.891364359239238	0.430657764732885	0.583400888285954	0.217358459950786	0.907346668129715	0.593230577720178
1	2372943	2373943	2373429	2373856	0	2	3.94099839450155	0	0.747121126489042	0.891791468825959	0.0000855840083081594	0.908196686084847	0.000494833002985029	0.000527726784747662	0.807571021782691	0.784034998355657	0.580422356481324
1	2373443	2374443	2373837	2373856	0	2	4.73282645454127	0	0.566838136045348	0.0541167116331585	0.00000100116335399747	0.941605090135112	0.0000120279530568812	0.0000130364630317459	0.411731890046699	0.684540723355956	0.583699107246257
1	2374443	2379443	2376524	2378239	0	0	0.436391165890038	0.436391165890038	0.355638776838736	0.970260918996116	0.972733834703055	0.974707439789801	0.969787665444914	0.971404864107143	0.188322303759251	0.5118178245033	0.496466129973828
1	2376943	2381943	2377482	2380702	0	0	0.383625975973682	0.383625975973682	0.401783139312071	0.924298490423104	0.985733246972299	0.932706126146439	0.971891275940531	0.974678327408984	0.212335466724477	0.62091925954856	0.47280573487653
1	2376943	2386943	2377482	2383979	0	0	0.241020686045142	0.241020686045142	0.5573191839898	0.977523824086917	0.971432207585062	0.948227901581331	0.970788624246281	0.877464996024776	0.863024411480835	0.359011753687594	0.22672223723509
1	2377443	2378443	2377482	2378239	0	0	0.511982369776091	0.511982369776091	0.298810148325297	0.812344797697978	0.974903578068998	0.920790311408645	0.971354402483602	0.976099032410947	0.193561548203072	0.414216977321991	0.356521784987023
1	2379443	2384443	2380702	2383979	0	5	1.03281900842026	0	0.230533428146307	0.974566389372656	0.91278820324985	0.799741223235507	0.971125698258074	0.0846351971640151	0.229531760247868	0.293432913418836	0.187641820717052
1	2381943	2386943	2382115	2383979	0	5	1.26224041203684	0	0.0995433612757355	0.975960497771223	0.916512240723262	0.96925654602567	0.970686936175411	0.0529905382324906	0.0655401232325856	0.132608760012903	0.134152889403797
1	2381943	2391943	2382115	2391301	0	5	0.552147603225089	0	0.353995202634084	0.94615211223234	0.849386226839356	0.933450032009779	0.978932608762086	0.261784224454696	0.333535245036869	0.494087821513147	0.269151867156154
1	2384443	2389443	2388678	2388697	0	1	0.745242332299405	0	0.677400904915708	0.121787703199777	0.378510451371868	0.848548260070131	0.975161975914256	0.446161473420775	0.530841901015531	0.799491342695149	0.621313454225167
1	2386943	2391943	2388678	2391301	0	1	0.390892858335193	0	0.8369356807997	0.367073124390289	0.458984276625714	0.973194278153562	0.977753164992626	0.902912045194316	0.798317862973797	0.911788888967535	0.636665806544339
1	2386943	2396943	2388678	2395813	0	1	10.6082094998117	0	0.443579024409255	0.000000000018043344596208	0.880791228216099	0.73202606191084	0.000282473294931584	0.82347010439226	0.316296328166593	0.580149149067776	0.454604834399022
1	2389443	2394443	2391301	2393887	0	1	12.0367293421152	0	0.260042592887982	0.000000000000617950135506362	0.963550641046372	0.672485266677183	0.0000304866471561027	0.92077496312067	0.145620659958306	0.352207724013506	0.411803437052836
1	2391943	2392943	2392141	2392458	0	0	0.775206110999609	0.775206110999609	0.162590813465693	0.968951668513973	0.696471141953847	0.971263461174207	0.969940418907394	0.742259533047004	0.123070590364377	0.151514338908881	0.256936077112625
1	2391943	2396943	2392141	2395813	0	1	12.1621208431921	0	0.324908322602533	0.000000000000451194637207664	0.964898580772143	0.655367306202747	0.000030304391395175	0.860657979286431	0.294119059102789	0.318751495302183	0.366913967290829
1	2391943	2401943	2392141	2400905	0	1	12.3696870844394	0	0.578627414201632	0.000000000000258904009342587	0.922294167972727	0.863104092801155	0.0000180396305051733	0.606493094443979	0.846928144184941	0.367778977427009	0.301553210743813
1	2392943	2393943	2393658	2393887	0	1	17.830116718258	0	0.431181960225764	0.000000000000000000637593475549406	0.906779238953333	0.109005286382318	0.000000218626999615168	0.970353190407324	0.303678743189882	0.528513567609769	0.487376057718358
1	2394443	2399443	2395160	2397925	0	3	0.564296322034165	0	0.440707222620949	0.90426484545748	0.881715900405857	0.240454190806978	0.972874528973499	0.400796697900018	0.366730143034272	0.606783056241502	0.360399376505129
1	2394943	2395943	2395160	2395813	0	5	0.819248358202389	0	0.380502022483161	0.977332967169185	0.724520408595486	0.971407579804836	0.968064864347621	0.146776355421757	0.279345329173651	0.49500290674313	0.396856887728033
1	2396943	2397943	2397846	2397925	0	3	0.661405981255912	0	0.606576096537599	0.565834261597255	0.671008813874197	0.132275469205252	0.976673947321446	0.303375433360992	0.832418849433313	0.476276113517172	0.32746627554965
1	2396943	2401943	2397846	2400905	0	0	0.402449044042727	0.402449044042727	0.290009625803314	0.896410085486184	0.660880261773758	0.826551384495851	0.732590794215513	0.441253738426531	0.25200170705756	0.4347054583967	0.230409965333994
1	2396943	2406943	2397846	2406497	0	5	12.8462777347195	0	0.847628690359498	0.000000000000227151630838307	0.000193881026332221	0.0000000000000000187701114951666	0.0000143340876876952	0.00000000000000000204217202282261	0.796385748190266	0.85830155966876	0.871493203417944
1	2399443	2404443	2400532	2404358	0	5	12.6800314615301	0	0.640776818471603	0.0000000000000129896093881143	0.785888615794742	0.0000000000000000505193409701095	0.000000150186178937695	0.0000000000000000000313760672021613	0.882503720856541	0.425110594933043	0.262468343120048
1	2399943	2400943	2400532	2400905	0	4	1.1135218412008	0	0.186933163774862	0.564893041350067	0.544547973229471	0.986543072460063	0.0419289807000314	0.403913433418589	0.14548173476338	0.282671387744872	0.172543577496496
1	2401943	2406943	2403418	2406497	0	5	12.7935510067889	0	0.901916756700523	0.000000000000246913600676635	0.0000936081313875903	0.00000000000000000910003436525522	0.0000215500653049094	0.00000000000000000346655091900396	0.627440203681139	0.928023845045518	0.932654383516923
1	2401943	2411943	2403418	2411501	0	5	9.8461846682263	0	0.0868023885431534	0.0000000000689682755350418	0.000028826812420224	0.000000000000175859327100625	0.00012051889052378	0.00000000000000410782519111308	0.7698382822089	0.505306771569405	0.0267376437785151
1	2404443	2409443	2405503	2408571	0	2	1.36550793891453	0	0.950862713864512	0.000229681666547021	0.00000989961697728248	0.0000288976994948786	0.136536495911263	0.0000182127286085798	0.85477984400205	0.974769547800483	0.932600537366632
1	2405443	2406443	2405503	2406104	0	1	0.575820332313644	0	0.979613346753996	0.258743190725181	0.974292280839072	0.731544048550713	0.974656534514377	0.972432066901672	0.882435718085541	1	0.974329733932717
1	2405943	2406943	2406104	2406497	0	3	1.89826874017089	0	0.957127468085173	0.00100008233586335	0.0000650112018349969	0.0000126405804310448	0.473314739504263	0.000193962475999454	0.812779817756171	0.97252222502561	0.965099453032721
1	2406443	2407443	2406472	2406990	0	3	1.98399817210671	0	0.944569169285993	0.000512576225931816	0.0000293694989196291	0.00000531814638016215	0.430289607246618	0.0000937749919861508	0.853359103000532	0.974464581983029	0.883098055313058
1	2406943	2407943	2406990	2407483	0	5	0.0367761342710841	0	0.722859692320402	0.81184935312877	0.754979988410556	0.911301598712669	0.743232228958464	0.693680212170258	0.553781649031908	0.647540337853507	0.84277322240555
1	2406943	2411943	2406990	2411501	0	2	0.923653229718032	0	0.0372807940445641	0.146174283374155	0.0174268038777636	0.623661371061682	0.199792730786801	0.0714868998643449	0.440779175813359	0.244891697047301	0.0131044737167438
1	2406943	2416943	2406990	2416063	0	2	0.655758927012275	0	0.0540989705325874	0.144279104194667	0.0318745828802168	0.46678112343524	0.253068389831151	0.10103350482234	0.399343514049703	0.246577338996706	0.0197059956851398
1	2409443	2414443	2409759	2412700	0	0	1.37745198232941	1.37745198232941	0.0307959779571432	0.530509903870778	0.359992389363744	0.741145228590592	0.776219991343452	0.734422514967781	0.411797611063479	0.106522512296974	0.0114651550740892
1	2410443	2411443	2410451	2411435	0	0	1.84192551202549	1.84192551202549	0.0135799699066721	0.97583631948866	0.189989474426307	0.980891764450978	0.55605178649165	0.943679062825233	0.682657861139878	0.0640625477688637	0.00482095676242111
1	2410943	2411943	2411245	2411501	0	2	0.757870477204025	0	0.476908422978634	0.977552855547619	0.169892764820003	0.972982789272998	0.607292868148334	0.972848830782597	0.539640876935393	0.524556869139435	0.373295817240945
1	2411443	2412443	2411501	2412313	0	3	0.572353627188255	0	0.54005376082181	0.62534540014117	0.956368767653676	0.167404193317523	0.971596003257696	0.509008372201411	0.477948618387371	0.484793240930594	0.646742230225743
1	2411943	2412943	2412313	2412700	0	3	0.734683507044909	0	0.961495377813834	0.301694336992383	0.920577092282474	0.168127816567941	0.912689554120297	0.565663011868987	0.975018383138326	0.967831774696166	0.858669693892956
1	2411943	2416943	2412313	2416063	0	3	0.331663959408058	0	0.547310582524835	0.387541165212875	0.981567585510208	0.302329235868973	0.899542586747986	0.648849696457974	0.706155096307188	0.361903023668424	0.549251678663479
1	2411943	2421943	2412313	2421426	0	0	0.302462557930104	0.302462557930104	0.246790776985874	0.495212368588407	0.977883972847206	0.299688222415296	0.46290882771843	0.901087957503881	0.197327256673801	0.26471636176111	0.295456665595601
1	2414443	2419443	2415458	2416063	0	0	0.367900034808367	0.367900034808367	0.246978296710474	0.535149207701432	0.831370716023011	0.576180858037678	0.300821520092624	0.69060004006552	0.610602817093342	0.175216643910961	0.162145167691061
1	2416943	2421943	2421121	2421426	0	4	1.04964165609284	0	0.156472529940261	0.870986480230546	0.923491340409533	0.363175467224693	0.077690829371698	0.969963227584125	0.153083711747601	0.230735840386142	0.118635461107625
1	2416943	2426943	2421121	2426077	0	4	0.717905095564272	0	0.711304486447962	0.972708677387775	0.969807190056275	0.603512687266434	0.136191640867862	0.639803985951376	0.0944772785451631	0.55826245535281	0.942042838972283
1	2419443	2424443	2421121	2423721	0	5	0.443237540946987	0	0.787697001156972	0.973001625162813	0.79846511537732	0.394880117818474	0.393396891163754	0.283871407513263	0.190116614107334	0.54195790007914	0.938929295063016
1	2421943	2426943	2422024	2426077	0	4	0.916820309383554	0	0.859356655290221	0.936735730716053	0.925404495299041	0.676198059917651	0.104076609390143	0.516397803781223	0.235326496438207	0.661246367231223	0.95408130937954
1	2421943	2431943	2422024	2427240	0	4	0.820709501868095	0	0.897482566839552	0.943615236436215	0.961664117198162	0.75164839392134	0.135617745214707	0.54977199606902	0.258911069067129	0.745819620147442	0.964628324348405
1	2422943	2423943	2423363	2423721	0	5	0.842357354998624	0	0.91966851739084	0.972674544553456	0.631350833365767	0.265236190910859	0.84333708514956	0.121239418177205	0.41724308111625	0.597393169722703	0.972589635349236
1	2423443	2424443	2423674	2423721	0	4	0.689525173524308	0	0.984794647860041	0.976604459927814	0.792249226681364	0.971450766525011	0.19856176371381	0.823967411027815	0.97532428963342	1	0.982392885516626
1	2423943	2424943	2424617	2424857	0	4	0.999508742040943	0	0.908507451243915	0.895937122908302	0.939865608414677	0.965397153140928	0.0940929351374042	0.972022303560916	0.544829148537957	0.358377922753163	0.969727908283475
1	2424443	2425443	2424617	2425374	0	4	0.964414722213437	0	0.820962346048983	0.876200523096809	0.969281806451375	0.971487484765917	0.105204747615357	0.97098373258054	0.222071432158247	0.353924093383533	0.951009374619926
1	2424443	2429443	2424617	2427240	0	4	1.18848930233035	0	0.894359772124823	0.835264558459325	0.950800620079168	0.51433713457069	0.0541171293952329	0.643882823053579	0.350155728165429	0.584408870977948	0.964551873508197
1	2424943	2425943	2425084	2425374	0	0	0.428179687946637	0.428179687946637	0.236375533560065	0.46467763023754	0.407281790928497	0.972476095405588	0.633551918126787	0.954377449137229	0.250388463418078	0.318249171488374	0.175287679024686
1	2426943	2436943	2427240	2436271	0	2	1.3312881686785	0	0.961087082529565	0.599210321334032	0.0333305292159602	0.714710854740714	0.109410838152725	0.981434777997071	0.75307852753504	0.9639116074241	0.978255421124559
1	2431943	2436943	2434171	2436271	0	2	1.47014174076095	0	0.909161805562848	0.389715803114932	0.0197764414423397	0.583834679681392	0.072633457864283	0.98304786240729	0.706157168780019	0.910332981624433	0.947547035401619
1	2431943	2441943	2434171	2441524	0	2	0.579083374417638	0	0.807693167923083	0.898336758763245	0.236785877483882	0.971024511867099	0.724476309586215	0.978116163759637	0.738948376861374	0.841740841419207	0.819529917738577
1	2434443	2439443	2436271	2438122	0	2	1.12590316722278	0	0.568493467370953	0.581641887483098	0.0514816978655355	0.68794865945038	0.844370290860424	0.89055250227452	0.519814814120327	0.694616836910175	0.465862672613599
1	2436943	2437943	2437191	2437716	0	5	0.733533064303704	0	0.670223032439815	0.969128154108679	0.484434831225048	0.280432020828818	0.975826555493631	0.123790205566118	0.822550402328507	0.590323322525165	0.462421679616394
1	2436943	2441943	2437191	2441524	0	0	0.0979117501639895	0.0979117501639895	0.74805623237931	0.845289486805778	0.937229598976684	0.970593762757286	0.906647545387824	0.941357469026153	0.868732129588867	0.669214454368439	0.528466761245112
1	2436943	2446943	2437191	2446256	0	1	1.86251085970383	0	0.90917381523473	0.00249264792156212	0.0497757978036244	0.976814389200008	0.00995858582903752	0.181623399338821	0.94759998981527	0.918186557227848	0.621844723575367
1	2437443	2438443	2437716	2438122	0	2	0.941131240441152	0	0.443284437740081	0.902659159529003	0.098507195956304	0.932683574526094	0.860199522885672	0.662664395947047	0.312965447478516	0.553384741382818	0.486162621260611
1	2439443	2444443	2440524	2444309	0	1	2.51498303082709	0	0.780924296398171	0.000161874100761739	0.0061101247282942	0.972669572824844	0.000783957671179891	0.0529859102691919	0.62260725297703	0.883610406310707	0.679080924057772
1	2440443	2441443	2440524	2441077	0	0	0.214800634185203	0.214800634185203	0.57320523519693	0.761564205359527	0.977806283733831	0.939963051366206	0.930565976834846	0.94939942308994	0.486852334822689	0.51560394732822	0.693251653781054
1	2440943	2441943	2441077	2441524	0	0	0.252870581562062	0.252870581562062	0.482074915603266	0.676029917785458	0.862948971467821	0.926516787280414	0.828265495573361	0.864667897410053	0.672021363070661	0.405897029526274	0.361567613319186
1	2441443	2442443	2441524	2442408	0	4	0.234362238349718	0	0.6956302137715	0.631258131431129	0.934786470730935	0.973129099068839	0.544941872642288	0.977888559614629	0.521653683518166	0.813492613737197	0.658204748369549
1	2441943	2446943	2442408	2446256	0	1	2.2417955811837	0	0.9142516702652	0.000123066441276576	0.00299116359642015	0.939437649760152	0.000607051555763905	0.0214751014144849	0.922899674870185	0.948300101771815	0.697713553341723
1	2441943	2451943	2442408	2451298	0	1	2.12730349028293	0	0.929338781662391	0.000509603103508782	0.013567305597604	0.970079266064735	0.0031361060253281	0.0683180645808779	0.645637637834378	0.973943843550208	0.674372029110956
1	2443443	2444443	2444126	2444309	0	1	2.24007997822739	0	0.452514387210027	0.0000282184496239735	0.000628151458118342	0.776281081703983	0.000129037578069258	0.00490470766574458	0.360200595652644	0.581825626126092	0.423828326597746
1	2443943	2444943	2444126	2444925	0	1	2.24989373398334	0	0.631501266472579	0.0000399619904207782	0.000899449022947696	0.872846157969559	0.000181014104218558	0.00710461985735233	0.575382833017963	0.752723807168164	0.517944985104186
1	2444443	2449443	2444925	2447422	0	0	0.0536944529912151	0.0536944529912151	0.85684219698997	0.970934705685932	0.951123214588333	0.967602202747184	0.97232213613357	0.969606010725381	0.536950145484305	0.940095479530704	0.723728342234244
1	2446943	2451943	2447422	2451298	0	1	1.05642737856131	0	0.672508411547157	0.0850536175160714	0.968809687711713	0.968545813834639	0.970345971227566	0.96818868233644	0.533037478546987	0.791648129640977	0.620850502943674
1	2446943	2456943	2447422	2455264	0	2	0.455592210222729	0	0.96147230743651	0.32979027644334	0.320190227666534	0.914113837487972	0.971553565952416	0.822620737611314	0.826412935920963	0.985531390758019	0.754900328863492
1	2449443	2454443	2450544	2454107	0	2	0.533763843552254	0	0.976076976888583	0.444053356794908	0.198055643353476	0.676941384277343	0.971344642515833	0.48484764206242	0.99561801792124	0.95580416897581	0.727025109284484
1	2450443	2451443	2450544	2451298	0	1	1.27638220901576	0	0.500623585158676	0.035204676824389	0.969398124563089	0.665246458013729	0.97018714096336	0.387480556959809	0.368675326977832	0.628642145611592	0.505055083454824
1	2451443	2452443	2452054	2452419	0	1	0.587433767658942	0	0.605447762304074	0.196723834546532	0.889899121205222	0.758644129247343	0.852271299046576	0.760835465844046	0.43978552596976	0.741461502560135	0.585590751391647
1	2451943	2456943	2452054	2455264	0	2	0.389760316779577	0	0.940768955050286	0.310472720171185	0.287137749135525	0.704450705519232	0.972186853899748	0.683940047189682	0.898010064613861	0.972752879156245	0.787484622753599
1	2451943	2461943	2452054	2460248	0	3	4.29861838893364	0	0.512626370971262	0.024451965287094	0.207145525260643	0.0000257740433624587	0.826917864011343	0.765704695013122	0.463754299828987	0.5381461266752	0.535820395707297
1	2452943	2453943	2453252	2453870	0	2	1.41162100701783	0	0.8811993178443	0.0509834181850485	0.0155739773133877	0.377230353573848	0.972678278208354	0.401809818421002	0.755585804560758	0.926206925609935	0.873843818085618
1	2453443	2454443	2453870	2454107	0	2	1.3429741576545	0	0.850260194829804	0.0553587785018646	0.0169281030304613	0.372891472082264	0.975527692989702	0.350906702284206	0.906291408233528	0.850909217121842	0.677830257090249
1	2453943	2454943	2454107	2454729	0	1	0.37581909129978	0	0.60700633054915	0.409117025992992	0.970526665271739	0.974878282312378	0.97327711329488	0.972000850565957	0.365188492102807	0.752847228743784	0.642722681506477
1	2454443	2455443	2454710	2455264	0	1	0.391372810221749	0	0.721277783092558	0.394159236205795	0.970609455733604	0.969761072955155	0.973312824970256	0.977495719061439	0.509320080697906	0.764951058013254	0.799763510594343
1	2454443	2459443	2454710	2459313	0	3	5.53951327586873	0	0.21859378654304	0.112108071175282	0.443244335527007	0.00000127976408581532	0.730233611415712	0.774540601445489	0.275723563442353	0.165123292281382	0.241121056356327
1	2456943	2461943	2458125	2460248	0	3	5.5627236924047	0	0.141451218344509	0.0166542158376987	0.835855952950669	0.000000908604878668839	0.33196993757963	0.58078862844627	0.179779918219859	0.120041957264182	0.135924988844982
1	2456943	2466943	2458125	2466453	0	3	5.43850699325862	0	0.0904376702280253	0.0298173839423945	0.562544356716449	0.00000179342242834224	0.492254380957383	0.51735128245901	0.0549282772158378	0.112347256551089	0.159828395750784
1	2458943	2459943	2459313	2459936	0	4	0.581105274972089	0	0.538164864131932	0.13767423054796	0.391802259487995	0.578362198923735	0.102792555062263	0.246312744074349	0.506698348918259	0.473754685467241	0.627385677731302
1	2459443	2460443	2459936	2460248	0	1	0.601361203573802	0	0.416214934171239	0.104221292667411	0.375712197942149	0.366119384598139	0.5654832584867	0.964066794579438	0.300131276519344	0.381095471824321	0.595526744063431
1	2459443	2464443	2459936	2462541	0	1	0.633596933787156	0	0.415021426102824	0.116167982614435	0.451553292265988	0.499670121793746	0.665937723814094	0.856845672386338	0.234510549051966	0.501450671139556	0.586115281999253
1	2461943	2466943	2462541	2466453	0	0	0.644019176633313	0.644019176633313	0.190468019892958	0.839153177750064	0.463645405923582	0.952806007781242	0.922113369047628	0.364572660551792	0.130576092983289	0.244918173188306	0.23945581371099
1	2461943	2471943	2462541	2471504	0	3	4.83555625532958	0	0.0686770968904245	0.452278290604933	0.826369451918881	0.00000100289547799726	0.000741897818620108	0.00000558286874696723	0.0241317013470272	0.455987351553948	0.383351949922274
1	2464443	2469443	2466453	2468906	0	5	0.994988209741426	0	0.134174099801183	0.844118841333083	0.754076919552723	0.485205589660866	0.244617528862428	0.0490837330700111	0.120713440470542	0.122656017480807	0.167967332255912
1	2466943	2471943	2468666	2471504	0	3	6.36619186890959	0	0.187601085349029	0.405540426705217	0.84148558362253	0.0000000807315847506374	0.000383243312711334	0.00000287253186637138	0.0728031942877636	0.51291257394774	0.42754750641111
1	2466943	2476943	2468666	2476312	0	3	5.43162910038488	0	0.554735498210342	0.401842003900889	0.7086505179328	0.00000148739470295922	0.000766765775938927	0.00000631826368291399	0.11145273207317	0.683058135180205	0.883581252220651
1	2467943	2468943	2468666	2468906	0	5	0.866563446523903	0	0.223654564865874	0.795462993442796	0.792023004530453	0.286975851454278	0.183259479172069	0.0390195185605846	0.375527760795077	0.175498474434718	0.18674089959503
1	2468943	2469943	2469594	2469626	0	4	0.198841936927977	0	0.738362848811724	0.971635938153986	0.846561887781991	0.972649446986285	0.614084634491404	0.970666782198416	0.563213692257218	0.763767650266564	0.812496669092423
1	2469443	2470443	2469594	2470076	0	3	5.63823607403917	0	0.686361973074619	0.0641597706941	0.646666463398426	0.000000147579735987335	0.0000588674701578196	0.000000981638194841317	0.409235009175553	0.794737875802903	0.742274474994575
1	2469443	2474443	2469594	2471504	0	3	5.85782645101971	0	0.363721916729846	0.245311852868868	0.74777472531163	0.000000340323611847104	0.000466703581671224	0.000008684258747782	0.118926144366626	0.710263497182555	0.622415968216291
1	2470943	2471943	2471321	2471504	0	0	0.479114241593485	0.479114241593485	0.321781685304003	0.737481606989473	0.975112588424765	0.970522761393698	0.552550551206827	0.969785225707986	0.177478447669944	0.457734602341566	0.454747232569235
1	2471443	2472443	2471476	2471504	0	4	0.385321511924269	0	0.336379219134329	0.602427208532866	0.970708597770011	0.972321418910169	0.320937557823676	0.779367076311144	0.233882961720234	0.398326485948217	0.420082946279783
1	2471943	2476943	2475222	2476312	0	1	0.416506302780315	0	0.980032385940337	0.269520490517861	0.32966137228803	0.703231136004266	0.976772077698162	0.570635052625819	0.93463526776439	1	0.971501648958733
1	2474943	2475943	2475222	2475739	0	2	0.738967925291247	0	0.859254123797876	0.176843261475804	0.111000635478592	0.382721175518293	0.911576006057864	0.608545969577025	0.907238363146659	0.864411316489108	0.714596950474762
1	2475443	2476443	2475739	2476312	0	2	0.435028809968418	0	0.980654463818951	0.476725236294428	0.221766773102992	0.603844739379422	0.98339759711428	0.532463451652176	0.790604575258194	0.99726283941559	0.980359440298363
1	2476943	2486943	2482398	2483628	0	4	1.54285058538008	0	0.813884405699585	0.913914963403873	0.438762625492517	0.470480982571452	0.0134800495323067	0.0941038883802248	0.45469954837101	0.921035867474158	0.700223146293333
1	2481943	2491943	2482398	2490088	0	4	3.57794305860098	0	0.756372386543482	0.0000000000000000000000000339823735393732	0.00000000000000000000000829706482519479	0.0000000000000000000000045520925745215	0.00000000000000000000000000219271114822765	0.0000000000000000000000138917342463349	0.207323508288636	0.871502199226663	0.858141384662014
1	2482943	2483943	2483484	2483628	0	4	1.51769708342407	0	0.785673461808495	0.0696683634316302	0.713916664953605	0.746299955997527	0.0216745673092655	0.0707578557499617	0.597680499579269	0.876908028048757	0.748120942646669
1	2484443	2489443	2487286	2488994	0	4	2.63426858836865	0	0.817860144413515	0.00000000000000000000000000000000012465220445577	0.00000000000000000000000000000000762539678623257	0.00000000000000000000000000000000284809117685696	0.000000000000000000000000000000000017700839275318	0.00000000000000000000000000000019437549162458	0.395550789014813	0.461364750873743	0.938604835422489
1	2486943	2491943	2487286	2490088	0	4	2.14703809589223	0	0.754225950370132	0.00000000000000000000000000104807818611505	0.0000000000000000000000000323963246586573	0.0000000000000000000000000153268057323459	0.000000000000000000000000000230917925193192	0.000000000000000000000000400172309209806	0.296890927991846	0.610931917653964	0.910418089676134
1	2486943	2496943	2487286	2494203	0	3	2.18032038779347	0	0.89699805738501	0.00000000000000000000000000000000000000000000000000000340671609484416	0.000000000000000000000000000000000000000000000000000000442756534702282	0.0000000000000000000000000000000000000000000000000000000224913515856768	0.0000000000000000000000000000000000000000000000000000000486666829631743	0.00000000000000000000000000000000000000000000000000000664381956378583	0.388039520358919	0.892638788456735	0.951118139350903
1	2489443	2494443	2490088	2494203	0	3	1.7981061203316	0	0.926430746383933	0.0000000000000000000000000000391398711540097	0.000000000000000000000000000000361772360982486	0.0000000000000000000000000000000424277719892243	0.00000000000000000000000000000266536288913804	0.00000000000000000000000000000052587048113077	0.635666796776372	0.936422270959396	0.956980800847043
1	2491943	2496943	2492641	2494203	0	3	1.79303714348448	0	0.978945068269426	0.000000000000000000000000000024613591015315	0.000000000000000000000000000000228032211060605	0.0000000000000000000000000000000265901200187737	0.00000000000000000000000000000165103941442604	0.000000000000000000000000000000361582651429184	0.879083002646028	0.992873366608922	0.971044979505113
1	2491943	2501943	2492641	2501451	0	3	1.97309681459674	0	0.890974715326495	0.0000000000000000000000000000021747041349925	0.000000000000000000000000000000020230726110078	0.00000000000000000000000000000000178669813236695	0.000000000000000000000000000000167937621520916	0.0000000000000000000000000000000324926260464425	0.557884003576026	0.871143841785794	0.946520169733486
1	2496943	2501943	2498714	2501451	0	0	0.179815070603112	0.179815070603112	0.584392219019443	0.584733801738306	0.943748418014664	0.780042363026374	0.904247671957316	0.884136857098282	0.480416783972563	0.515065620071005	0.720286333872005
1	2496943	2506943	2498714	2506686	0	0	0.535711306661079	0.535711306661079	0.28253167433031	0.953669291816665	0.970014999413473	0.971688824122114	0.964064146445658	0.970565023430364	0.465128796249104	0.251665302174575	0.203809077280015
1	2499443	2504443	2501451	2503125	0	1	0.268342630340749	0	0.68080081151097	0.523888203681568	0.97180974552282	0.971501231738243	0.972173192992869	0.973154032835834	0.582762768440459	0.634581311717463	0.778661891406979
1	2501943	2506943	2503125	2506686	0	0	0.654604996367151	0.654604996367151	0.207788710883502	0.934430048930944	0.95516340307759	0.972122845462179	0.938052067744284	0.931158154767506	0.292167803014984	0.221650302186695	0.149999534185715
1	2501943	2511943	2503125	2509281	0	0	0.412818072576993	0.412818072576993	0.374866900199129	0.969829002814335	0.969720274804792	0.972548878599961	0.962858366207314	0.970403201009029	0.387739906479149	0.312670636844699	0.434525955332147
1	2504443	2509443	2504752	2509281	0	0	0.524883745577039	0.524883745577039	0.286440643112313	0.95922035418461	0.969495281871028	0.972629365737259	0.949270697841373	0.954112695950418	0.217482255250106	0.260431345165533	0.432200986943987
1	2504943	2505943	2505645	2505899	0	0	1.07593957566139	1.07593957566139	0.052653785475938	0.388106786662274	0.62714674904042	0.854737509693767	0.732843938922429	0.365684107706993	0.0453836048086792	0.0730123408517728	0.0470143813891071
1	2505443	2506443	2505645	2506397	0	4	0.900512913008665	0	0.100862935032553	0.308425935807074	0.607334692538648	0.902720993249581	0.0763686611460185	0.614809889796674	0.199358121326285	0.0874372465662681	0.0740976324445487
1	2505943	2506943	2506359	2506686	0	4	1.62206720433103	0	0.944575910808627	0.967460187351041	0.297863136932027	0.803015266906978	0.0225512002479947	0.972301654013828	0.981914086567745	0.295956892637032	0.568999468210569
1	2506943	2511943	2508623	2509281	0	4	0.516548664690589	0	0.930875289637307	0.973621593204448	0.970555281295608	0.978529991652218	0.29594595060982	0.972212200088745	0.776809402535653	0.951277833366064	0.946824755879405
1	2506943	2516943	2508623	2512850	0	5	1.21036981249588	0	0.97425328322864	0.973469040063535	0.856330996842783	0.595281929073462	0.971826684988683	0.0598713440209492	0.712447617918425	1	0.928863146545714
1	2521943	2531943	2527085	2530021	0	3	3.1209913445289	0	0.235156643262821	0.0214658412210069	0.954906246883033	0.000617400562647585	0.815752409896708	0.972768865897783	0.332531881491411	0.205320373326842	0.199176133684621
1	2524443	2529443	2527085	2528562	0	3	3.34037204169172	0	0.21261707183793	0.0126740806151802	0.862211373202305	0.000364505918713398	0.79813549676817	0.910631676128975	0.362085048586047	0.184816665327008	0.160239961552004
1	2526943	2536943	2527085	2536501	0	3	4.263258106181	0	0.632556397221953	0.0618310138797503	0.450662394901146	0.0000245806415730687	0.0162503977071485	0.819817943473241	0.821089885371522	0.366942415373541	0.557728530478464
1	2527943	2528943	2528294	2528562	0	0	0.184080341570596	0.184080341570596	0.635538271920714	0.977827798922971	0.971006305946823	0.979813667565912	0.809053826728477	0.691946747351697	0.85621165062933	0.452536965580882	0.339894390912228
1	2529443	2530443	2529855	2530021	0	4	0.867248149279886	0	0.473402701289763	0.969226325063173	0.969886210177524	0.97074971144436	0.13166569481611	0.97047853620923	0.73031819110773	0.379284886524182	0.298012431124032
1	2529443	2534443	2529855	2533792	0	4	2.51104685701368	0	0.518392386134772	0.772077976763871	0.212429594132646	0.0122691456498356	0.00159812872340803	0.579962804665063	0.600463364966503	0.583588519591159	0.37294403954298
1	2531943	2536943	2533165	2536501	0	4	2.81943925106802	0	0.723035150473373	0.697359426454712	0.167222428970034	0.00709963747933284	0.000876156211401025	0.578123728946462	0.42401807508279	0.679236363318118	0.860995088581479
1	2531943	2541943	2533165	2541089	0	1	42.9123357572999	0	0.778138827713189	0.000000000000000000000000000000000000000000000000278543809320514	0.00101214535027017	0.00000227629879212543	0.00000000000984012871185769	0.000000000000103472785895065	0.827350139519911	0.617888172144679	0.816301851609782
1	2532443	2533443	2533165	2533341	0	4	3.35595292912375	0	0.251607058299165	0.746849958472063	0.0572893555686594	0.00101640115674739	0.000110858727964902	0.443950659270064	0.161678447757684	0.363377457957233	0.302270021207633
1	2532943	2533943	2533165	2533792	0	4	2.77673026097522	0	0.470557058041044	0.737225636983554	0.148366484146104	0.00582434703409607	0.00078683203051555	0.584344890877496	0.400689163204225	0.579920890053794	0.433426388093085
1	2536943	2546943	2541089	2543511	0	1	41.0064875878258	0	0.762756982462063	0.00000000000000000000000000000000000000000000362924664801429	0.00477308371846485	0.000368386810182586	0.000000158474407374598	0.00000000000106137321154165	0.457426168398182	0.603413398936039	0.899101509489532
1	2541943	2551943	2543511	2551189	0	4	7.29585477876355	0	0.755908474395278	0.00000295650913217926	0.0000173776157577077	0.0638973448881349	0.000000000000879296635503124	0.00000000766980590150013	0.712003446154205	0.727785508964292	0.808674214630219
1	2544443	2549443	2547432	2548313	0	2	0.608208485949584	0	0.401241007641833	0.976469142720319	0.18176826637309	0.544246806623879	0.97639196185052	0.73743976277435	0.40913288591214	0.370000770530938	0.426341664091989
1	2546943	2551943	2547432	2551189	0	4	7.63079508764785	0	0.579120233795304	0.00000159993848147799	0.00000380047459314081	0.0140629676607746	0.000000000000088928864272475	0.000000000938800592820144	0.646200765834572	0.559939217641096	0.524238024995215
1	2546943	2556943	2547432	2556418	0	4	7.56010745601905	0	0.603544156976498	0.0000254426671117969	0.0000514479838461535	0.0887011467971435	0.0000000000014166445794217	0.0000000127462040921955	0.836279158277143	0.413472883951596	0.357778547883414
1	2549443	2554443	2550587	2554051	0	4	8.46528582838613	0	0.615349076842117	0.00000048100053939848	0.00000162056353536499	0.01084559435265	0.00000000000000555111512312578	0.000000000160387814140961	0.387444287997141	0.768032245353813	0.617326681448158
1	2550443	2551443	2550587	2551189	0	4	9.37266195194921	0	0.704672375491918	0.00000000309934167219694	0.0000000153730279617292	0.000583453058320194	0.00000000000000000651774650110387	0.000000000000615174577944799	0.765761598960347	0.705878235036815	0.617871265668494
1	2551943	2556943	2551952	2556418	0	5	0.340244019747982	0	0.50632025997654	0.9732042110609	0.853987370665563	0.432581878649932	0.444032139027879	0.23130301081477	0.857021560797398	0.253150706041148	0.244598630174809
1	2554443	2559443	2555763	2556418	0	0	0.242601372238915	0.242601372238915	0.138788041290163	0.972046769303762	0.420665945672396	0.242634983806139	0.217099107750906	0.21189449901538	0.42186648039709	0.0832705167831662	0.123201392555788
1	2561943	2571943	2562787	2569461	0	0	0.910106884702942	0.910106884702942	0.0854154578087961	0.472387947890892	0.872505352964046	0.75929474610936	0.694453798365767	0.688701399192152	0.0330829736830498	0.256803761670364	0.388556550273943
1	2564443	2569443	2567221	2567702	0	0	0.555272644123953	0.555272644123953	0.179919870697141	0.646177414734738	0.972484446900911	0.37018528917755	0.53125322907641	0.970983704914687	0.100706110518818	0.19457835947558	0.422502060463821
1	2566443	2567443	2567221	2567287	0	5	0.265799248206681	0	0.520161336806318	0.700521169200952	0.94150578984576	0.836268682440523	0.798027386475127	0.432731537135026	0.412606382423447	0.429248777576182	0.693960631791609
1	2566943	2571943	2567221	2569461	0	0	0.722153566703491	0.722153566703491	0.114296514427183	0.743246684448024	0.948074551735662	0.585677141889055	0.602818473798632	0.596335502417223	0.0495255566459857	0.218302844731218	0.380142699820799
1	2571943	2581943	2577681	2580294	0	0	0.272533607416141	0.272533607416141	0.262302167684405	0.491287242864573	0.488822242547464	0.905593129009044	0.324145616933848	0.917294616396828	0.274507881862697	0.248963335717056	0.264407499605657
1	2574443	2579443	2577681	2578182	0	1	0.468791635855948	0	0.31424906813497	0.288865350585925	0.770264713220097	0.942200193352086	0.850133415904377	0.973512977451782	0.549851074681704	0.225830444547152	0.254192204810716
1	2576943	2586943	2577681	2584766	0	0	0.377891421501908	0.377891421501908	0.369913162050817	0.752709471120374	0.582283205782536	0.914109058810624	0.883062019020028	0.937118695102718	0.293379673160002	0.458975758681693	0.375935092794594
1	2611943	2621943	2618535	2620802	0	3	2.77749756275404	0	0.558535565851081	0.968473711401746	0.970212781819953	0.00161733593670643	0.968942040045455	0.969540297533517	0.464401057512926	0.67898395960505	0.51277138250786
1	2614443	2619443	2618535	2619393	0	0	0.35128355979865	0.35128355979865	0.431997182859173	0.969983785394704	0.971282555512179	0.969836203997099	0.96930681989741	0.970230298653464	0.313295884263644	0.563041525127778	0.441168930493255
1	2616943	2626943	2618535	2626228	0	3	2.3556008456141	0	0.616258575468219	0.970184345244616	0.968429472973084	0.00422035505193064	0.827377989578914	0.957083512171369	0.731210738291858	0.723163387541819	0.331425223571238
1	2619443	2624443	2620802	2623713	0	3	2.5003149993898	0	0.353320521920163	0.860217073790107	0.740169979920041	0.0023389259237071	0.401484941996558	0.918256618641344	0.573178706974922	0.396534516572382	0.198903565899263
1	2621943	2626943	2623434	2626228	0	4	0.259261075937261	0	0.607767667439797	0.930434242757127	0.605116320999558	0.868183609542021	0.47791482936684	0.884196359174409	0.848326721657275	0.554682663717171	0.241557088746359
1	2621943	2631943	2623434	2631774	0	0	0.698866596942542	0.698866596942542	0.187475006116805	0.937151864106735	0.971505733444743	0.887358571470045	0.74303972726873	0.975041247467775	0.532803460895652	0.173803455050041	0.104088082972104
1	2622943	2623943	2623434	2623713	0	4	0.519603852962158	0	0.310383356784254	0.97579072959747	0.579938460284662	0.863292191644536	0.260947992321526	0.882533605066337	0.683162521506732	0.312352126617749	0.146740478329019
1	2623443	2624443	2623484	2623713	0	0	0.687941689438417	0.687941689438417	0.121052649422961	0.701813709317375	0.402615733718005	0.590086920604871	0.245380028406145	0.890667180164384	0.287359543480659	0.092059416463812	0.0922134966386433
1	2624443	2629443	2626228	2629294	0	4	0.704262086214669	0	0.604861100937566	0.50661737655527	0.389206782886835	0.971897058591789	0.119507061917111	0.978530183679334	0.635274642889529	0.663724494885329	0.502552667561061
1	2626943	2631943	2627562	2631774	0	0	0.859059467132909	0.859059467132909	0.098175115370747	0.628122593047736	0.542010529655222	0.709677256681004	0.745657531288429	0.972616475212663	0.30754631860964	0.0693857255943529	0.0742184063820079
1	2626943	2636943	2627562	2632120	0	0	0.812718916547478	0.812718916547478	0.120348789504701	0.781916977547658	0.624457017140938	0.682228678993566	0.783529738829622	0.958216779200456	0.460103421035537	0.0816867580395901	0.0858782988195575
1	2629443	2634443	2630298	2632120	0	0	0.909303058183701	0.909303058183701	0.109961280972045	0.952334522725943	0.8557311854242	0.537870776359239	0.976918421067054	0.892365658337947	0.568147234115852	0.0808827052041864	0.0666885351517703
1	2629943	2630943	2630298	2630801	0	3	0.667510267640149	0	0.505130207026309	0.857619606828739	0.951118716935022	0.18440998547213	0.848561229800838	0.918533225692257	0.312106829848102	0.418007060048786	0.747070856552194
1	2630443	2631443	2630801	2631353	0	3	0.738353750077632	0	0.573677666208764	0.960876789566919	0.523251489335286	0.175514884595099	0.974692472133321	0.973401693048464	0.538337605892381	0.537288770764325	0.639424136485009
1	2630943	2631943	2631353	2631774	0	0	1.22660127626478	1.22660127626478	0.040087064239237	0.611520361738845	0.67546916486798	0.965387934748582	0.981534076495884	0.673648172924819	0.0660092985461423	0.0506837701674484	0.0249821886879051
1	2631443	2632443	2631774	2632120	0	0	1.54445914103185	1.54445914103185	0.0250395418090985	0.877173531801956	0.763370706320683	0.776574049277369	0.979651018684459	0.970251752275798	0.094997342087495	0.0151623781124615	0.0229759109115032
1	2686943	2696943	2689219	2695002	0	4	0.442468632354712	0	0.182683597837331	0.384815774556506	0.963274241141038	0.188044792052988	0.13892622476509	0.552545607964733	0.453025655829473	0.133871066989782	0.13282184826112
1	2691943	2701943	2695002	2701749	0	0	0.565934319659796	0.565934319659796	0.165346735506204	0.267905087749802	0.96988520461774	0.505430641806517	0.977354337499467	0.608597192474102	0.567338169891347	0.152523248821017	0.087721836796257
1	2694443	2699443	2695002	2697388	0	0	0.658064006619395	0.658064006619395	0.0791129316212702	0.232094329157074	0.478096944501846	0.228928358241409	0.977249977321781	0.360007447146899	0.905981157798968	0.0324068055981226	0.0591523645627063
1	2696943	2701943	2697388	2701749	0	1	0.437819886775904	0	0.230597317880503	0.227288474139376	0.691337411244225	0.622869836372683	0.98672923025197	0.515267423407629	0.693759159137623	0.266011472546711	0.0968992311239585
1	2696943	2706943	2697388	2704444	0	5	0.151827876147116	0	0.969945320596211	0.742772308778714	0.703796069538366	0.879689146012255	0.780494996106749	0.550227442453564	0.992222233744892	0.69125345741249	0.279997437987335
1	2699443	2704443	2701749	2703259	0	4	0.24857470890544	0	0.671445915703628	0.974952576915607	0.452492330442147	0.711561945313313	0.378822989946621	0.517048196812416	0.506666603578474	0.766597390023725	0.68604015252505
1	2701943	2706943	2703259	2704444	0	4	0.430278487647599	0	0.922916443623665	0.974761924704545	0.43816433119978	0.744416422024547	0.276399630146887	0.551713808745837	0.74175744242317	0.967190357930243	0.815567150942876
1	2701943	2711943	2703259	2707222	0	4	0.332918427114501	0	0.859125090052055	0.973741055522159	0.653019844605024	0.771607902477036	0.366672831187715	0.789218321976487	0.877948180265771	0.891865696322382	0.753410668068891
1	2704443	2709443	2704444	2707222	0	4	0.369471278568451	0	0.748921688457023	0.93838708881896	0.96565482173754	0.608974838335529	0.400784341224129	0.974024708406992	0.734901125799915	0.776859863559447	0.730708536111505
1	2706943	2716943	2707222	2716879	0	0	0.226462936096933	0.226462936096933	0.428152404959878	0.72120930930698	0.965628140037349	0.859661501293899	0.487010605507112	0.549875691298943	0.341201361814684	0.512882819420282	0.441915260329815
1	2711943	2716943	2716482	2716879	0	5	0.482930577620955	0	0.42552610596219	0.372942109208804	0.973386603862905	0.971834925702271	0.707444521430695	0.232681476005668	0.505080542699526	0.365415464846307	0.412800719965738
1	2711943	2721943	2716482	2717355	0	5	0.074644383257009	0	0.613536887398717	0.642439831324557	0.973449219847675	0.975516635455569	0.601481333350185	0.540988553443178	0.51538811606958	0.450911561185056	0.78207240740493
1	2716943	2726943	2717355	2726899	0	4	38.0182522884195	0	0.980379681001597	0.000000000163749014348014	0.000000000000000000000213066729312897	0.000000000000441091607683575	0.00000000000000000000000000000000000000000000000000422937804442313	0.000000000000000666133814775094	0.983438085070882	0.988831631183101	0.736300454398173
1	2719443	2724443	2722575	2724181	0	4	37.387276110411	0	0.8712933250574	0.0138812281383216	0.00000000120996512809057	0.0000000000000632827124036339	0.000000000000000000000000000000000000000569051773906506	0.283305098058454	0.876329937470256	0.92536746620094	0.615867205103485
1	2721943	2722943	2722575	2722606	0	4	35.6290090767785	0	0.886030139596216	0.00376103949126239	0.000000000501535590835545	0.0000000000000257571741713036	0.00000000000000000000000000000000000000883687713602932	0.0406902507213878	0.946799748146391	0.822736949693069	0.643512482639567
1	2721943	2726943	2722575	2726899	0	4	37.5036957804058	0	0.9800025677754	0.000000000136045952281449	0.000000000000000000000244391751831158	0.000000000000420330437123084	0.0000000000000000000000000000000000000000000000000131793823939784	0.000000000000000444089209850063	0.996102467381233	0.979314982014838	0.648219117721512
1	2721943	2731943	2722575	2731584	0	4	23.2419278897277	0	0.977408207447735	0.000065374601811885	0.00000000000502042851735496	0.00000420203474504888	0.0000000000000000000000000000240730850044178	0.000000840056926243449	0.966403752640901	0.996435580289912	0.739820607178041
1	2722943	2723943	2723541	2723544	0	2	0.322842054142557	0	0.800795590370106	0.258908769518539	0.207382699849333	0.43612861097719	0.355382117705986	0.779270822373759	0.869224428102761	0.796699455064557	0.649773802451362
1	2723443	2724443	2723541	2724181	0	2	0.268739873460451	0	0.757359756927292	0.336830086295535	0.277000711943533	0.51430501451094	0.394123059843681	0.861505683185601	0.796638190044801	0.811210016247286	0.596333799788669
1	2724443	2729443	2726029	2726899	0	4	7.14485008305112	0	0.857882096098793	0.0000000340943954180162	0.0000000000000446309655899313	0.0528607175684964	0.00000000000000244249065417534	0.00000000000000288657986402541	0.85567342088204	0.911642139064624	0.695469949050305
1	2725443	2726443	2726029	2726377	0	2	3.34807883734981	0	0.782531252751808	0.000000042007174183567	0.000000000049033221927175	0.081355489911094	0.000000109287192295859	0.000000000332921690215926	0.601723796561453	0.870446722686456	0.755467218248983
1	2726943	2731943	2729819	2731584	0	0	0.0174430431393146	0.0174430431393146	0.936408979247244	0.974784494997132	0.975520235616715	0.972218451382673	0.9792486718425	0.943289769095436	0.953409402688381	0.951517047979446	0.814646369411504
1	2726943	2736943	2729819	2735909	0	5	1.98224594748395	0	0.720543582243119	0.975397215888721	0.89977530190936	0.937687816396754	0.841485920487453	0.00937320510709494	0.496357572948561	0.855098901454923	0.63698356925577
1	2729443	2730443	2729819	2730437	0	5	0.458005763895697	0	0.842885006462407	0.943438841717439	0.943796681813338	0.817227794508406	0.751818989451577	0.293604403332741	0.84867667036569	0.896061701277667	0.690225998481507
1	2729443	2734443	2729819	2733908	0	5	2.3605379956245	0	0.92799622110737	0.979345542548673	0.972586803387599	0.879950499155625	0.788972847445056	0.00404583541926429	0.966379285050651	0.888089491892183	0.729106198242811
1	2729943	2730943	2730198	2730694	0	0	0.159193219592861	0.159193219592861	0.654723380056193	0.955360707575773	0.944606803776311	0.973931159849161	0.938595720507808	0.855554502256521	0.509055223169507	0.766637335217388	0.633596470106767
1	2730443	2731443	2730694	2731097	0	0	0.0709113241840586	0.0709113241840586	0.826025767869151	0.978424295267289	0.970230492646047	0.972534282687975	0.980715124938143	0.970597054855809	0.630754156867526	0.753221918422326	0.910813500187553
1	2730943	2731943	2731097	2731584	0	0	0.0476231493542257	0.0476231493542257	0.869804631057546	0.972831960994322	0.972414834103198	0.97061023138277	0.969167928270899	0.969200193092225	0.672336665531757	0.883170896649568	0.916375940498616
1	2731943	2736943	2733122	2735909	0	5	4.06031812910925	0	0.313396399016194	0.905788352460897	0.655416625146078	0.878817532490368	0.493151017657528	0.0000570426015584769	0.295255402220322	0.370667690518895	0.282807905053652
1	2732943	2733943	2733122	2733908	0	5	5.71786080673004	0	0.468423443295946	0.982185309114929	0.631141893949205	0.636984955600847	0.509419682969859	0.00000120855439489365	0.823222213323343	0.273786183332218	0.242319157487766
1	2734443	2739443	2735520	2735909	0	2	0.637893236431572	0	0.23608686210549	0.487905888581629	0.143978360056424	0.921179444204059	0.625446921145887	0.760946828409876	0.129974016332042	0.404754149315024	0.315516003451583
1	2736943	2746943	2742912	2743088	0	3	2.46027256378268	0	0.220591044682996	0.148244885493339	0.00814781612674009	0.000513697148727177	0.0525531609499874	0.979476285161215	0.143366950242777	0.305576048849897	0.276763483185603
1	2741943	2751943	2742912	2751880	0	3	2.18856263850929	0	0.132520670777902	0.42700119066478	0.0106904229038174	0.00145042527334238	0.223902012489767	0.975271686976034	0.0535783826203455	0.417565694205481	0.319924878958272
1	2746943	2751943	2751346	2751880	0	2	1.24260960544106	0	0.325589947704954	0.972348498603931	0.0493705210048363	0.594475060837284	0.863132194191257	0.919513811462304	0.212260703366543	0.457302288135764	0.371984495230035
1	2746943	2756943	2751346	2756835	0	4	0.723583008441862	0	0.170344019453715	0.975004846200186	0.19171744473627	0.594488428425744	0.112346719893851	0.912594971900648	0.0751694130540759	0.480800147148101	0.276811356813008
1	2749443	2754443	2751346	2753456	0	2	0.834156918165239	0	0.127888513132378	0.972999485436632	0.10334158995086	0.705394480656302	0.106212915693073	0.970711659627306	0.0621862654609559	0.311060248194885	0.204914450439632
1	2751943	2756943	2753456	2756835	0	4	1.13562816889688	0	0.250539995234102	0.97055747873828	0.973631527190765	0.443252443140325	0.0349439968947722	0.477530095015674	0.208066713680093	0.373124441464987	0.213145474303056
1	2751943	2761943	2753456	2761377	0	4	0.845442926371085	0	0.67248249427681	0.490710709821677	0.917582786255739	0.926205724745251	0.124084054130264	0.869278425118017	0.832809212770709	0.673703518608022	0.345671870187469
1	2754443	2759443	2756835	2757587	0	1	0.378878377108832	0	0.887473553476633	0.332194819781588	0.85403079994711	0.794824476954078	0.593771021733284	0.733374212042735	0.940381299032797	0.864771046027552	0.681837400681047
1	2756943	2761943	2757587	2761377	0	1	0.258414577668186	0	0.600345342014691	0.38081611596141	0.69044628453883	0.973977673339093	0.631980511227971	0.971086487555235	0.47030858173589	0.72649540152889	0.565787114865548
1	2756943	2766943	2757587	2764417	0	4	0.122405690324501	0	0.872837697147956	0.676856030362746	0.896199403648895	0.97428748873064	0.676081356795792	0.927079667409397	0.559626496989266	0.947415607210742	0.736405388172758
1	2759443	2764443	2761377	2764417	0	1	0.203206708507128	0	0.831140987457691	0.520556641082034	0.884254255565646	0.975615310409347	0.693395344100141	0.744188479336705	0.675133230165415	0.911381955227507	0.750389799569425
1	2761943	2766943	2762540	2764417	0	1	0.300073306138826	0	0.927334514298281	0.433035901699359	0.864166069100624	0.942417560901912	0.641004433831108	0.825421648087895	0.942927617773457	0.94536287364293	0.824524793483293
1	2761943	2771943	2762540	2771371	0	3	3.04208037672258	0	0.756920730796868	0.176661214150929	0.673863606262666	0.000228403084298057	0.251641543833695	0.244548645557909	0.798526030345101	0.765885178253132	0.686836068562582
1	2766943	2771943	2768283	2771371	0	3	3.21099182666895	0	0.620801625251407	0.0805343060703024	0.571958346088277	0.000109360413457771	0.177767338449138	0.120310015934747	0.728148667957782	0.544477689088788	0.558090608866848
1	2766943	2776943	2768283	2773474	0	3	3.17431694190198	0	0.970524717752167	0.131115837227187	0.635501437915774	0.000173575899427902	0.259302298378906	0.152893886030621	0.99485313429857	0.608928493115061	0.540601639960104
1	2769443	2774443	2770342	2773474	0	3	3.25124209390025	0	0.790456604905941	0.112257646434126	0.589953052339675	0.000149825282908411	0.267194306853325	0.131476480824243	0.917944498160201	0.554008129628364	0.472959282122349
1	2769943	2770943	2770342	2770741	0	3	3.55416494620061	0	0.371417979897933	0.0318506447479932	0.292560913428591	0.0000167331227177714	0.0599434786382699	0.0296309943036449	0.396825070229726	0.30246233236561	0.427554547374493
1	2770443	2771443	2770741	2771371	0	1	0.907219874163521	0	0.489088935622985	0.0964371604504817	0.890474674007101	0.98090001258652	0.760665140430187	0.778868766409016	0.664453547653881	0.423648942288894	0.371698198797376
1	2771943	2781943	2773474	2778731	0	3	0.235426468225824	0	0.841341726373185	0.88562746241914	0.97591450982642	0.559562404424515	0.962221365462985	0.972579770855702	0.765298227233834	0.607303410247678	0.923135033375424
1	2774443	2779443	2777938	2778731	0	3	0.318200895401561	0	0.930788245045168	0.763099070544973	0.97832179603569	0.447352629599456	0.888653785978124	0.971233341201905	0.962105151784758	0.537802354889623	0.938364370026463
1	2776943	2786943	2777938	2786855	0	3	0.278789930036906	0	0.577466585146119	0.96607637780381	0.974044640881237	0.51102861000211	0.971035583517325	0.972113635835692	0.17327347125723	0.264612787447397	0.906580516412118
1	2777443	2778443	2777938	2777964	0	3	0.626894405209979	0	0.945085628790283	0.552509725998294	0.907725899785015	0.202369975059962	0.615921687961306	0.857117738945259	0.776685273006479	0.938003253027268	0.971047503247096
1	2777943	2778943	2777964	2778731	0	3	0.434062806399244	0	0.858355797512439	0.761032648608629	0.978958861449166	0.357140280194085	0.970290191990523	0.972090567825715	0.952994057109859	0.43974323922382	0.425015071148481
1	2778443	2779443	2778470	2778731	0	3	0.489444390382918	0	0.504602484570335	0.691172616897758	0.982513952502546	0.314354792217884	0.970207160970511	0.97158465441389	0.799693679722981	0.336130429254434	0.292228372165597
1	2781943	2786943	2782794	2786855	0	0	0.827706557887812	0.827706557887812	0.135846004657809	0.705471678089694	0.913594397959437	0.688490688488966	0.97383448242738	0.974100115853377	0.0579665058624108	0.142156148613138	0.736960814022291
1	2781943	2791943	2782794	2791862	0	0	0.919056516981447	0.919056516981447	0.101450383595583	0.831946181519938	0.925419656545482	0.139936123734413	0.930941599475975	0.841996353114183	0.0402436064841141	0.156333669543032	0.682388284747742
1	2784443	2789443	2786266	2786855	0	0	0.568255202362811	0.568255202362811	0.262770166426649	0.972369344340903	0.730683915223302	0.32249934133563	0.976010801412007	0.976452828095005	0.143233715112622	0.114922757990865	0.849179440238517
1	2786943	2796943	2791862	2796568	0	1	4.48189080376302	0	0.497990181882407	0.00000935565421100737	0.00213915337729009	0.2837690102893	0.0000114294284034866	0.416065282336752	0.402178732928402	0.64272243191989	0.442501781366787
1	2789443	2794443	2791862	2793062	0	1	6.11786915323375	0	0.519443764878626	0.0000000652954015301077	0.000521212437229801	0.0856548088275051	0.0000000877916808139645	0.126569512767629	0.435450368926118	0.623939813100458	0.493246337098514
1	2791443	2792443	2791862	2792171	0	3	0.582927321436532	0	0.48321443128068	0.646280607145079	0.83544792015834	0.218269001015564	0.971170302352912	0.842443016377897	0.489904081121642	0.510099376887069	0.450008229598422
1	2791943	2792943	2791989	2792171	0	0	0.195059440618681	0.195059440618681	0.526200682561903	0.764132237099091	0.82453832692819	0.805586090100167	0.972329839019555	0.937244047891489	0.641464196206232	0.476086745540517	0.451538748122877
1	2791943	2796943	2791989	2796568	0	1	4.58875239684274	0	0.522836715247101	0.00000869517717561053	0.00185297801756601	0.337311255107307	0.0000104558686313538	0.408048928133016	0.496311478233804	0.623793624731369	0.442512776791039
1	2791943	2801943	2791989	2801827	0	4	3.97949160155464	0	0.622337234643006	0.0000368739543716856	0.00128621621136904	0.366596699419216	0.0000339132439366452	0.323490056151357	0.613812329901798	0.73120560412328	0.484528538961127
1	2793943	2794943	2794772	2794870	0	2	1.16889243829284	0	0.644804008760619	0.980387684654498	0.0628470030793561	0.487802840343787	0.927207660464214	0.957229098969579	0.5036215342538	0.738591224475686	0.65394805577881
1	2794443	2799443	2794772	2799017	0	2	0.374988710252182	0	0.387011676614248	0.663144515632316	0.279652993164254	0.663416370542456	0.626971794027268	0.69745343196022	0.416510779577824	0.436176720886377	0.318719144598828
1	2795943	2796943	2796363	2796568	0	4	0.790028590885016	0	0.816996795057557	0.104645012649585	0.569624898877908	0.973204215041109	0.0923762596692619	0.328363916174075	0.953807297389101	0.293756662737233	0.191624310987255
1	2796943	2801943	2799017	2801827	0	2	0.778446251174506	0	0.825290165113167	0.813669068890669	0.102732984853893	0.539586661202103	0.616816748528971	0.241857175263532	0.925080914957739	0.662739389135742	0.555023086428248
1	2796943	2806943	2799017	2806627	0	2	14.6303745012789	0	0.683715664202566	0.000000153062108321222	0.000000000000000000000358503326561508	0.000000000336690453295319	0.00000000000791966492386109	0.091677325790865	0.753921165425974	0.703878054398328	0.557637785036685
1	2798943	2799943	2799017	2799565	0	2	1.07468612202103	0	0.440674837947671	0.817527162021234	0.020866290951318	0.167965369836713	0.135215872564081	0.247817162916575	0.854094607536974	0.208238009258434	0.210106671418203
1	2799443	2800443	2799565	2800093	0	2	0.691434621032681	0	0.518459626163736	0.975131519678983	0.134433187575708	0.660603875874799	0.348671221241426	0.82256183254744	0.491182943043233	0.476275906978545	0.585882014091012
1	2799443	2804443	2799565	2801827	0	2	0.72223024555019	0	0.65736126648279	0.816030010119357	0.124448409748077	0.656477123909479	0.616652027614345	0.329099080941635	0.543669888034971	0.750196048439942	0.641862647213018
1	2799943	2800943	2800053	2800093	0	2	0.453833210324042	0	0.826725408934536	0.97645781235444	0.342161242035909	0.379051109807455	0.972890637550254	0.978007578409979	0.817561075287548	0.873082563026368	0.755105442688734
1	2800943	2801943	2801086	2801827	0	5	0.719535449659168	0	0.889977360280813	0.428745026574766	0.204665219293701	0.763750468449463	0.974644286329864	0.145685403102579	0.876602014388543	0.938397109619454	0.710758727990722
1	2801943	2806943	2805151	2806627	0	2	14.9463519220846	0	0.519190382472238	0.00000000119170961987436	0.0000000000000000000000013483993144415	0.00000000000206235029054369	0.0000000000000168753899743024	0.0199761500854814	0.469526816691045	0.524486424368294	0.562843347582369
1	2801943	2811943	2805151	2811938	0	2	15.3661956131357	0	0.705307402473484	0.0000154284271202121	0.00000000000000000000663935728768055	0.000000000166976210635994	0.0000000000176569869836385	0.0132939179884386	0.874869409732617	0.504244234714362	0.4470955007932
1	2804443	2809443	2805151	2809061	0	2	18.8282014829064	0	0.772327234493534	0.000000131062813046867	0.0000000000000000000000000194660575153069	0.000000000000279776202205539	0.00000000000000643929354282591	0.00595541206860961	0.909162330370754	0.519223055574869	0.495042648827535
1	2804943	2805943	2805151	2805816	0	2	36.8675265699558	0	0.857832979225225	0.000000000000000000405508103129107	0.0000000000000000000000000000000000000000000000000000000550139675615098	0.0000000000000000000000000027897866429999	0.000000000000000000000000000000370322764949751	0.00926868632732214	0.916622312811243	0.843533228910942	0.687128377275983
1	2806443	2807443	2806627	2807328	0	1	0.639469668384889	0	0.527652022852861	0.0794373395373187	0.382865453370203	0.346333386105831	0.155630519605559	0.113580471988054	0.373185183246746	0.574204046901715	0.633204862832291
1	2806943	2807943	2807328	2807756	0	2	0.894464812695813	0	0.972962983394023	0.257090682649164	0.0946444870725369	0.742266968646877	0.916657935919323	0.233323557499231	0.860892831443908	1	0.788069621262657
1	2806943	2811943	2807328	2811938	0	2	1.95909939763987	0	0.474782887028194	0.771800790524082	0.000503108923288975	0.00859725009035084	0.0272717469098607	0.0457890272933148	0.574738590081929	0.445873066543424	0.405572760081279
1	2806943	2816943	2807328	2813794	0	2	1.7845143588284	0	0.842750144238277	0.476436834379156	0.0015872144308775	0.0341037333895995	0.096638451475028	0.0879860327315192	0.923772559458529	0.641495337507878	0.749756590444214
1	2807443	2808443	2807597	2808061	0	0	0.671520340800221	0.671520340800221	0.207078822903071	0.85018328562836	0.967030148706065	0.971977089903602	0.974988837440877	0.972892045618131	0.132593997519744	0.23732662356273	0.328302698564397
1	2808943	2809943	2809061	2809911	0	2	4.43632302356908	0	0.64479130314423	0.297689420956928	0.000000120284674220983	0.00000363740948672309	0.00000772112959590565	0.00328498446332148	0.882019697407159	0.362766013126002	0.317418083706763
1	2809443	2814443	2809911	2813794	0	5	1.12767993241163	0	0.748309414382594	0.525308008678366	0.816949416180377	0.26405544552759	0.964700617446091	0.0557700811784957	0.695215570936546	0.660395224918954	0.831813183131991
1	2810943	2811943	2811917	2811938	0	5	1.4624854803083	0	0.458240086859562	0.139185280348463	0.156396156206184	0.0252499327665383	0.373001090561883	0.00539188467624363	0.652930433800836	0.371503908559748	0.355001856949882
1	2811443	2812443	2811917	2812149	0	5	0.866459032049775	0	0.395996497028516	0.106223527216369	0.0704387394430075	0.0160383618189337	0.518848479115319	0.014446468211591	0.438223810587932	0.395818372086382	0.357396882564353
1	2811943	2816943	2812149	2813794	0	1	0.506630661495118	0	0.823026309901769	0.297210329882679	0.75235805476671	0.972747129936383	0.954321177080394	0.958114959413106	0.497282734168945	0.834870915386191	0.900224974755454
1	2811943	2821943	2812149	2819086	0	1	0.160373686425909	0	0.82287387965528	0.671872213012928	0.911420694893593	0.973116946521879	0.97198679881916	0.972404197238787	0.886438141807755	0.510620053142581	0.858921308483839
1	2812943	2813943	2813107	2813794	0	1	0.707860583513577	0	0.867307524901441	0.178168684123785	0.705202483998964	0.975717561904142	0.909268102264331	0.921996923317864	0.726426161265932	0.848573071772963	0.921490774775204
1	2813443	2814443	2813610	2813794	0	1	1.19118683450923	0	0.875780331938557	0.0605264621951291	0.971281844713493	0.971537078231827	0.607550923407186	0.940009243922391	0.804542563346873	0.745299219047922	0.935966451212768
1	2821943	2831943	2827929	2831736	0	3	0.599423794920675	0	0.447362464447793	0.970622425296106	0.973014161361789	0.244133021470819	0.371810561273092	0.971648620721743	0.622040359666233	0.305815716825475	0.435625739743787
1	2826943	2836943	2827929	2834870	0	1	0.0988842392497716	0	0.627575897054653	0.514781387857552	0.646408525404638	0.85297225163625	0.683682704425917	0.584108418566561	0.783691216276783	0.528718487772312	0.481867118521761
1	2829443	2834443	2829736	2832679	0	2	0.147189970549848	0	0.37877191692587	0.343079548599226	0.332560683460476	0.692076590788592	0.706727633434811	0.466724796038683	0.537825495848537	0.308809185814735	0.319798855899795
1	2831443	2832443	2831736	2832411	0	1	0.424439645393406	0	0.645499702773913	0.175322125223795	0.181858480333244	0.475840303809731	0.465882472697882	0.305293224369913	0.855695757968143	0.446839661706202	0.37655809835365
1	2831943	2832943	2832411	2832679	0	1	0.606036816290516	0	0.740252931827393	0.160033600984111	0.271841451439222	0.821227307763951	0.646023020329347	0.2504353575603	0.910147103591556	0.441283312596775	0.368136375411468
1	2831943	2836943	2832411	2834870	0	2	0.280874045011564	0	0.801967169754762	0.378671234925167	0.363826117386914	0.926589704467451	0.694653001917836	0.365085816890665	0.909523037723344	0.687771804459508	0.528881932224049
1	2831943	2841943	2832411	2841256	0	4	5.79103078663556	0	0.902413208333112	0.00459019027078478	0.713866929799493	0.69306495173179	0.00000112135506880051	0.0299301785902949	0.956111280466526	0.866513837115874	0.508638667092399
1	2834443	2839443	2834870	2839179	0	4	0.780944112132217	0	0.769052207989608	0.494374964916383	0.975166976062495	0.834430048353358	0.127353742294883	0.138219594469206	0.651964839342438	0.869756621674087	0.662281457162514
1	2836943	2841943	2837755	2841256	0	4	5.71913257596888	0	0.971214444310337	0.00459220945864991	0.724565009171886	0.545016519491186	0.00000104058387084827	0.0317086049781339	0.992233253302996	0.788179381796044	0.496448536336623
1	2836943	2846943	2837755	2846597	0	3	12.6316304256421	0	0.612638806725132	0.00257614405062945	0.0251066358616749	0.00000000000000111022302462516	0.000000452173943399359	0.00475379725408964	0.631955225897919	0.716965693456747	0.454742449349007
1	2838943	2839943	2839179	2839716	0	4	4.02082846295859	0	0.93298599257759	0.00298774560614568	0.351695492629093	0.0922693198043949	0.00000879485849192285	0.0786965415075706	0.977446944170254	0.606999072576501	0.378590017192405
1	2839443	2840443	2839664	2839716	0	4	3.85137066337552	0	0.50903021653476	0.00478020091023734	0.250633815885389	0.0639403958069296	0.00000900336085352116	0.0587401570607409	0.676416364948702	0.507492444852046	0.338149368800743
1	2839443	2844443	2839664	2841256	0	4	4.91327708253671	0	0.551757546771804	0.00548775227278986	0.418120416057449	0.330867054685743	0.0000040399542118319	0.0653462156159275	0.577490757397802	0.631241197234633	0.439128839121517
1	2841943	2851943	2846597	2850666	0	3	14.2219420830386	0	0.481200046703004	0.861306675310738	0.0381832492483042	0.00000000000000288657986402541	0.52340628885644	0.203943744252586	0.246423438286503	0.568180986973322	0.678448449211552
1	2846943	2851943	2849978	2850666	0	0	0.15680709133584	0.15680709133584	0.674363192684238	0.977242784110965	0.967611339929793	0.930235476846972	0.969592279396869	0.966268680660539	0.511339616514614	0.63493387974172	0.796298222708863
1	2846943	2856943	2849978	2854986	0	2	1.25960299222608	0	0.56960070991266	0.669695047423145	0.0533481178568519	0.972968289096522	0.969889134811504	0.970920588969118	0.424251227602407	0.718225184627163	0.528973167616209
1	2849443	2854443	2849978	2853877	0	1	1.15524251307273	0	0.834427273853669	0.0660197770263763	0.943879527142314	0.971539673033627	0.938935892078532	0.969825758679644	0.919883039044584	0.752800413246696	0.601769793848279
1	2851943	2856943	2852841	2854986	0	2	1.03397943804334	0	0.338310807143122	0.126103680458149	0.0882454379993678	0.972454821029061	0.954270945344323	0.972429414585129	0.180034157853505	0.597087575773332	0.376278337554322
1	2851943	2861943	2852841	2857459	0	1	0.97108265791666	0	0.486227970421227	0.103706168709982	0.120079339298187	0.972588733513972	0.970258035172994	0.972225009184651	0.206407495204689	0.724497011325941	0.603880021351222
1	2852443	2853443	2852841	2853199	0	1	0.929701185851899	0	0.383079870912209	0.111636190076924	0.949524537724376	0.985243022700764	0.274846388364397	0.985191744067486	0.563867319063298	0.41341610902206	0.237941121419945
1	2852943	2853943	2853199	2853877	0	1	0.968260095728663	0	0.937224775775737	0.100828583274536	0.415330974820588	0.975368788103962	0.801846250096588	0.983420131104335	0.945231721637075	0.961248953540402	0.763127490725794
1	2854443	2855443	2854774	2854986	0	2	0.695163861445498	0	0.285277278081841	0.669228762102339	0.164161839581423	0.8136470825759	0.976398942249973	0.877201053233593	0.185378699238776	0.386493605493534	0.350326208197178
1	2854443	2859443	2854774	2857459	0	2	0.520812387733061	0	0.544764969272537	0.745077577282634	0.273648524630822	0.917732341956513	0.976632433674623	0.907832024433455	0.260776258711708	0.603917935856953	0.753245710712038
1	2856943	2866943	2857459	2866055	0	4	0.330978072637687	0	0.870845624111645	0.925048885700941	0.927372366998607	0.892986024333563	0.431704535808307	0.976907277644772	0.54224827125217	0.908373042168607	0.910747289727346
1	2861943	2866943	2862183	2866055	0	4	0.53579225431415	0	0.810017719145555	0.874920702871927	0.79475504280708	0.717282026393419	0.23588605371564	0.976570079927535	0.442863704711005	0.794308614230497	0.905545395011609
1	2861943	2871943	2862183	2869382	0	3	0.289653883991104	0	0.501004084524262	0.52157875322039	0.963989399659943	0.452100803745331	0.880824048018457	0.972693376395589	0.396098508354043	0.405926812770296	0.684012329142136
1	2864443	2869443	2865502	2869382	0	3	0.400266343689523	0	0.445790984554039	0.96880726341814	0.782670228084158	0.385159142539708	0.968069538831219	0.972997676461194	0.230525577350272	0.411600301508653	0.733207172048181
1	2865443	2866443	2865502	2866055	0	4	0.403670971357054	0	0.90316432490474	0.918276793845885	0.643798951529538	0.703921323284431	0.356529773458163	0.977582039669003	0.767528011800505	0.90119126946024	0.940870706600232
1	2866943	2871943	2868127	2869382	0	0	0.48854206538535	0.48854206538535	0.158842741756334	0.268119600226701	0.489225899167439	0.221864434453478	0.876135877833472	0.933991305457269	0.10200418717176	0.223749573978289	0.207410110955477
1	2867943	2868943	2868127	2868718	0	0	0.986147919377655	0.986147919377655	0.056484800219984	0.364970623749778	0.547116127038987	0.973336421915954	0.504141396069951	0.804023075999234	0.0306441844730022	0.0829862445857255	0.115875773139154
1	2868443	2869443	2868718	2869382	0	3	0.536462309963103	0	0.429246367751942	0.127352055406028	0.219702531653535	0.124808544610269	0.953357440574821	0.836002478713609	0.416480254709876	0.511207776668481	0.366810070221395
1	2868943	2869943	2869379	2869382	0	3	1.01453688662231	0	0.707502557876288	0.132456787536436	0.0711888216015499	0.0684212694699654	0.849641454087075	0.964456728326771	0.845072578924752	0.620419592089259	0.500763621218463
1	2871943	2881943	2878408	2879196	0	3	1.65010414545701	0	0.364859341988329	0.429340122546014	0.49719270986137	0.0111280894172255	0.774434846988469	0.881381768119951	0.876666885961855	0.138350504416921	0.173216325596823
1	2876943	2886943	2878408	2885471	0	3	1.16600340087101	0	0.440516375123853	0.394480189128121	0.949457375970731	0.0361107482417798	0.529224435442212	0.97031863617876	0.458498828212844	0.308001629546281	0.57878798390289
1	2878443	2879443	2879154	2879196	0	3	1.84767691192656	0	0.162906795985352	0.533015367043786	0.257972141868767	0.00756942374399738	0.757980762336485	0.799503350803361	0.291727844908074	0.117598378031624	0.14813479931799
1	2879443	2884443	2882727	2884256	0	3	0.64233861973507	0	0.981018057400889	0.202206194041077	0.973110924943691	0.153276662214304	0.205898265970732	0.672689508429606	0.982155009368873	0.989263768459871	0.890518480799917
1	2881943	2886943	2882727	2885471	0	4	0.389702731062589	0	0.658877509059864	0.416614733329547	0.934268977355876	0.307970966863169	0.268597491269485	0.840985746749916	0.401106584127089	0.585406307587836	0.829233558020433
1	2881943	2891943	2882727	2887015	0	4	0.305900399910231	0	0.687965211392422	0.762284995968216	0.979203697855577	0.42467602052291	0.340146555744602	0.686028699917486	0.424213827276624	0.684017874686892	0.822291271561348
1	2883443	2884443	2883758	2884256	0	4	0.632604252773564	0	0.974862260122759	0.910886946429892	0.851341785868536	0.629995970892039	0.198380827433002	0.726000242250292	0.893361828795453	1	0.904037852129822
1	2884443	2889443	2885471	2887015	0	0	0.483291459226756	0.483291459226756	0.298719731739284	0.922473495646321	0.97807470237282	0.600082876710311	0.908982181200726	0.559579894951156	0.212040308909652	0.297046412593246	0.44176106065436
